{"params": {"0": {"classifier__booster": "gbtree", "classifier__colsample_bynode": 0.645783475424254, "classifier__colsample_bytree": 0.685728249749883, "classifier__gamma": 0.5584901912272032, "classifier__learning_rate": 0.011338112085579713, "classifier__max_depth": 5, "classifier__min_child_weight": 0.7621616129942517, "classifier__n_estimators": 146, "classifier__random_state": 2882, "classifier__reg_alpha": 0.005247350378436789, "classifier__reg_lambda": 0.09187026790853418, "classifier__scale_pos_weight": null, "classifier__subsample": 0.7717838642697639, "vectorizer": "TfidfVectorizer", "vectorizer__analyzer": "word", "vectorizer__max_df": 0.3561108161939725, "vectorizer__min_df": 3, "vectorizer__ngram_range": [1, 3], "vectorizer__preprocessor": "pp_WordNetLemmatizer"}, "1": {"classifier__booster": "gbtree", "classifier__colsample_bynode": 0.5712639439866595, "classifier__colsample_bytree": 0.5765090367018271, "classifier__gamma": 0.20621400512551213, "classifier__learning_rate": 0.478174543019485, "classifier__max_depth": 7, "classifier__min_child_weight": 1.2919847044046309, "classifier__n_estimators": 245, "classifier__random_state": 2100, "classifier__reg_alpha": 0.07768624151107252, "classifier__reg_lambda": 0.29154859284176665, "classifier__scale_pos_weight": 0.47698839591314535, "classifier__subsample": 0.6559875081451537, "vectorizer": "CountVectorizer", "vectorizer__analyzer": "word", "vectorizer__max_df": 0.7946693844900845, "vectorizer__min_df": 1, "vectorizer__ngram_range": [1, 3], "vectorizer__preprocessor": "pp_WordNetLemmatizer"}}, "mean_test_score": {"0": 0.7863984047419812, "1": 0.6493553597870145}, "std_test_score": {"0": 0.02653672441411231, "1": 0.03013181970016504}, "mean_fit_time": {"0": 2.8152600526809692, "1": 2.936457872390747}}