{"fit_time_mean": [45.21081785360972, 137.81716779867807, 45.24776899814606, 137.55958823362985, 10.123030026753744, 25.395238081614178, 10.312878370285034, 26.25705122947693, 44.07550243536631, 137.5510051647822, 45.680415431658425, 138.57324822743735, 10.356329838434855, 25.322567343711853, 10.176804145177206, 26.54923101266225, 73.60057099660237, 162.1209111213684, 74.30759259064992, 162.470977862676, 18.784289360046387, 31.457693378130596, 17.420393149058025, 29.091358343760174, 73.95253276824951, 162.43688535690308, 73.84478096167247], "fit_time_std_dev": [0.3866393446086819, 0.8525096747764409, 0.18128670615289627, 0.4879670285863072, 1.6157474030226309, 1.5446248877418063, 1.0474393024330615, 2.5928695321022452, 0.5240034584445902, 0.8252679204975784, 0.5555016305320647, 0.6571983793921382, 1.6557175014535166, 1.3824598256749119, 1.1062463222339556, 2.644240309839014, 0.5519463347904205, 0.7478577059901793, 0.3894700573149935, 0.6206031804267508, 3.061016390696853, 3.2013184998733055, 1.1207753952787587, 4.542688167227178, 0.5096346019362326, 0.5117840884767018, 1.3668462374655845], "f1_macro_mean": [0.6702637352867765, 0.6994754374602038, 0.6697746989971188, 0.6992901688646173, 0.724270826577064, 0.7244585738085588, 0.7226565553188821, 0.7263351087403892, 0.6702637352867765, 0.6994754374602038, 0.6697746989971188, 0.6992901688646173, 0.724270826577064, 0.7244585738085588, 0.7226565553188821, 0.7263351087403892, 0.660093180004514, 0.6887668059161296, 0.6591132229132075, 0.688202230678994, 0.725285696585011, 0.7264063528154514, 0.7240507252505184, 0.7259579530956044, 0.660093180004514, 0.6887668059161296, 0.6591132229132075], "f1_macro_std_dev": [0.005717086802543003, 0.005821619704660002, 0.005554746803801157, 0.005361868814546306, 0.004741030115310937, 0.0035669740792073266, 0.0039000842280957544, 0.004723814587874229, 0.005717086802543003, 0.005821619704660002, 0.005554746803801157, 0.005361868814546306, 0.004741030115310937, 0.0035669740792073266, 0.0039000842280957544, 0.004723814587874229, 0.00630742178976836, 0.004082762098336441, 0.005502371586762245, 0.003928922454636152, 0.004617804751944827, 0.005233240646567952, 0.005005051060232425, 0.004683101175607489, 0.00630742178976836, 0.004082762098336441, 0.005502371586762245], "f1_weighted_mean": [0.7800325373103562, 0.8058436711483163, 0.7796494326237337, 0.80573432535019, 0.8277219289064045, 0.828444686718019, 0.8265030214396822, 0.829885716391466, 0.7800325373103562, 0.8058436711483163, 0.7796494326237337, 0.80573432535019, 0.8277219289064045, 0.828444686718019, 0.8265030214396822, 0.829885716391466, 0.774626611375394, 0.7971423102156024, 0.7738030593960262, 0.7966061187484517, 0.8277992433812705, 0.8292718185260052, 0.8266498855972501, 0.8287977093170028, 0.774626611375394, 0.7971423102156024, 0.7738030593960262], "f1_weighted_std_dev": [0.005101890602627162, 0.0050170455124185845, 0.004887951191032505, 0.004547746129934875, 0.0038452563869074926, 0.003034574821267519, 0.003508197952004536, 0.003966816907594258, 0.005101890602627162, 0.0050170455124185845, 0.004887951191032505, 0.004547746129934875, 0.0038452563869074926, 0.003034574821267519, 0.003508197952004536, 0.003966816907594258, 0.00536478311992126, 0.0037642255180638296, 0.004759060777417583, 0.0036875699102877934, 0.003893795867469813, 0.004301443014981039, 0.004196192707638551, 0.00394549223835903, 0.00536478311992126, 0.0037642255180638296, 0.004759060777417583], "params": [{"vectorizer": "<class 'sklearn.feature_extraction.text.CountVectorizer'>", "vectorizer__ngram_range": [1, 1], "vectorizer__preprocessor": "<function pp_SnowballStemmer at 0x7f202c48c550>", "vectorizer__max_df": 0.5, "classifier__learning_rate": 0.001, "classifier__n_estimators": 1000, "classifier__rsm": 0.75, "classifier__depth": 6, "classifier": "<class 'catboost.core.CatBoostClassifier'>"}, {"vectorizer": "<class 'sklearn.feature_extraction.text.CountVectorizer'>", "vectorizer__ngram_range": [1, 1], "vectorizer__preprocessor": "<function pp_SnowballStemmer at 0x7f202c48c550>", "vectorizer__max_df": 0.5, "classifier__learning_rate": 0.001, "classifier__n_estimators": 1000, "classifier__rsm": 0.75, "classifier__depth": 10, "classifier": "<class 'catboost.core.CatBoostClassifier'>"}, {"vectorizer": "<class 'sklearn.feature_extraction.text.CountVectorizer'>", "vectorizer__ngram_range": [1, 1], "vectorizer__preprocessor": "<function pp_SnowballStemmer at 0x7f202c48c550>", "vectorizer__max_df": 0.5, "classifier__learning_rate": 0.001, "classifier__n_estimators": 1000, "classifier__rsm": 1, "classifier__depth": 6, "classifier": "<class 'catboost.core.CatBoostClassifier'>"}, {"vectorizer": "<class 'sklearn.feature_extraction.text.CountVectorizer'>", "vectorizer__ngram_range": [1, 1], "vectorizer__preprocessor": "<function pp_SnowballStemmer at 0x7f202c48c550>", "vectorizer__max_df": 0.5, "classifier__learning_rate": 0.001, "classifier__n_estimators": 1000, "classifier__rsm": 1, "classifier__depth": 10, "classifier": "<class 'catboost.core.CatBoostClassifier'>"}, {"vectorizer": "<class 'sklearn.feature_extraction.text.CountVectorizer'>", "vectorizer__ngram_range": [1, 1], "vectorizer__preprocessor": "<function pp_SnowballStemmer at 0x7f202c48c550>", "vectorizer__max_df": 0.5, "classifier__learning_rate": 0.1, "classifier__n_estimators": 1000, "classifier__rsm": 0.75, "classifier__depth": 6, "classifier": "<class 'catboost.core.CatBoostClassifier'>"}, {"vectorizer": "<class 'sklearn.feature_extraction.text.CountVectorizer'>", "vectorizer__ngram_range": [1, 1], "vectorizer__preprocessor": "<function pp_SnowballStemmer at 0x7f202c48c550>", "vectorizer__max_df": 0.5, "classifier__learning_rate": 0.1, "classifier__n_estimators": 1000, "classifier__rsm": 0.75, "classifier__depth": 10, "classifier": "<class 'catboost.core.CatBoostClassifier'>"}, {"vectorizer": "<class 'sklearn.feature_extraction.text.CountVectorizer'>", "vectorizer__ngram_range": [1, 1], "vectorizer__preprocessor": "<function pp_SnowballStemmer at 0x7f202c48c550>", "vectorizer__max_df": 0.5, "classifier__learning_rate": 0.1, "classifier__n_estimators": 1000, "classifier__rsm": 1, "classifier__depth": 6, "classifier": "<class 'catboost.core.CatBoostClassifier'>"}, {"vectorizer": "<class 'sklearn.feature_extraction.text.CountVectorizer'>", "vectorizer__ngram_range": [1, 1], "vectorizer__preprocessor": "<function pp_SnowballStemmer at 0x7f202c48c550>", "vectorizer__max_df": 0.5, "classifier__learning_rate": 0.1, "classifier__n_estimators": 1000, "classifier__rsm": 1, "classifier__depth": 10, "classifier": "<class 'catboost.core.CatBoostClassifier'>"}, {"vectorizer": "<class 'sklearn.feature_extraction.text.CountVectorizer'>", "vectorizer__ngram_range": [1, 1], "vectorizer__preprocessor": "<function pp_SnowballStemmer at 0x7f202c48c550>", "vectorizer__max_df": 0.9, "classifier__learning_rate": 0.001, "classifier__n_estimators": 1000, "classifier__rsm": 0.75, "classifier__depth": 6, "classifier": "<class 'catboost.core.CatBoostClassifier'>"}, {"vectorizer": "<class 'sklearn.feature_extraction.text.CountVectorizer'>", "vectorizer__ngram_range": [1, 1], "vectorizer__preprocessor": "<function pp_SnowballStemmer at 0x7f202c48c550>", "vectorizer__max_df": 0.9, "classifier__learning_rate": 0.001, "classifier__n_estimators": 1000, "classifier__rsm": 0.75, "classifier__depth": 10, "classifier": "<class 'catboost.core.CatBoostClassifier'>"}, {"vectorizer": "<class 'sklearn.feature_extraction.text.CountVectorizer'>", "vectorizer__ngram_range": [1, 1], "vectorizer__preprocessor": "<function pp_SnowballStemmer at 0x7f202c48c550>", "vectorizer__max_df": 0.9, "classifier__learning_rate": 0.001, "classifier__n_estimators": 1000, "classifier__rsm": 1, "classifier__depth": 6, "classifier": "<class 'catboost.core.CatBoostClassifier'>"}, {"vectorizer": "<class 'sklearn.feature_extraction.text.CountVectorizer'>", "vectorizer__ngram_range": [1, 1],