{"fit_time_mean": [880.6169487635294, 916.7121781508127, 891.9251384337744, 942.0060685873032, 875.4869304498037, 844.3505789041519, 885.3242516120275, 799.1417971452078, 879.5637355248133, 915.7628404299418, 888.2524643739065, 942.1323228677114, 877.9231405258179, 843.3953099250793, 881.3688500324885, 797.4006138245264, 1130.9370631774266, 1170.9607872962952, 1135.8499307632446, 1240.154419740041, 1125.663394888242, 1028.130420088768, 1129.1379481156666, 1025.2002348502476, 1128.3054753541946, 1170.8483306566875, 1157.1420876582463, 1209.1835508743923, 1120.9433025121689, 1027.6787819465, 1126.928723136584, 1026.1280821959178, 16619.710526943207], "fit_time_std_dev": [1.8460666211548458, 3.6366749590786958, 12.401790302637833, 2.2549709051446505, 1.3158681938233305, 62.226813065926244, 11.270292469624836, 96.92341369495774, 1.8708158812098192, 1.7592080534325965, 1.3732601845543324, 2.2556507383130557, 2.806908379962578, 61.357754149816174, 1.2855821935899676, 94.28274798151833, 2.7639580573211875, 4.452625487028698, 2.5831816417436095, 44.36254362688424, 2.436137260266767, 108.70127370358031, 1.791808824982974, 116.81133563938742, 3.42328099150453, 5.709362010172232, 35.94073533552085, 5.632264853828164, 5.8797313922802, 109.03280228515608, 5.6478223829595136, 118.69594131549225, 65.45175128889868], "f1_macro_mean": [0.6456153749546939, 0.6965945097460677, 0.6016127204669773, 0.6750518314507525, 0.7303508458358975, 0.7359319754184704, 0.7290946456173218, 0.7354817082698079, 0.6456153749546939, 0.6965945097460677, 0.6016127204669773, 0.6750518314507525, 0.7303508458358975, 0.7359319754184704, 0.7290946456173218, 0.7354817082698079, 0.6312727817070937, 0.6827647833997604, 0.6028334090373804, 0.6604326729594004, 0.7316009356980392, 0.7361874040415385, 0.731371289533905, 0.7345744762565604, 0.6312727817070937, 0.6827647833997604, 0.6028334090373804, 0.6604326729594004, 0.7316009356980392, 0.7361874040415385, 0.731371289533905, 0.7345744762565604, 0.6380518649788083], "f1_macro_std_dev": [0.0034297470472830793, 0.005545388636741019, 0.006404130011954764, 0.004161078156023639, 0.004652094945274206, 0.005191694346741957, 0.004832032118915607, 0.004180425463359823, 0.0034297470472830793, 0.005545388636741019, 0.006404130011954764, 0.004161078156023639, 0.004652094945274206, 0.005191694346741957, 0.004832032118915607, 0.004180425463359823, 0.005106365705342104, 0.003200185690033149, 0.0070723436001250625, 0.0032634051439116366, 0.005867921144954519, 0.005403619862658294, 0.005848906149837517, 0.00483758475527849, 0.005106365705342104, 0.003200185690033149, 0.0070723436001250625, 0.0032634051439116366, 0.005867921144954519, 0.005403619862658294, 0.005848906149837517, 0.00483758475527849, 0.003220596968778385], "f1_weighted_mean": [0.7542504060553318, 0.8020527628680275, 0.7079052773208083, 0.7821002344969115, 0.8338586101596887, 0.8421838380858088, 0.833364138462953, 0.8424471218150278, 0.7542504060553318, 0.8020527628680275, 0.7079052773208083, 0.7821002344969115, 0.8338586101596887, 0.8421838380858088, 0.833364138462953, 0.8424471218150278, 0.7421243653943203, 0.789638872943763, 0.7141929435139924, 0.7683839933714839, 0.8339509685329465, 0.8405955327455631, 0.8340656743678038, 0.8407383439448365, 0.7421243653943203, 0.789638872943763, 0.7141929435139924, 0.7683839933714839, 0.8339509685329465, 0.8405955327455631, 0.8340656743678038, 0.8407383439448365, 0.7463850745682201], "f1_weighted_std_dev": [0.0036360364489318566, 0.004991839226437768, 0.007432103524397442, 0.0038414589897398394, 0.0036522324073999307, 0.0034380500395890614, 0.0038877679539135964, 0.0035861734346781665, 0.0036360364489318566, 0.004991839226437768, 0.007432103524397442, 0.0038414589897398394, 0.0036522324073999307, 0.0034380500395890614, 0.0038877679539135964, 0.0035861734346781665, 0.0046109106809526885, 0.0027575268795027677, 0.006991657341867072, 0.0029485384004377265, 0.004650203884577904, 0.00413590236013325, 0.004649375855991365, 0.0029733098674761347, 0.0046109106809526885, 0.0027575268795027677, 0.006991657341867072, 0.0029485384004377265, 0.004650203884577904, 0.00413590236013325, 0.004649375855991365, 0.0029733098674761347, 0.0036125167438855414], "params": [{"vectorizer": "<class 'sklearn.feature_extraction.text.CountVectorizer'>", "vectorizer__ngram_range": [1, 1], "vectorizer__preprocessor": "<function pp_SnowballStemmer at 0x7fcad252a550>", "vectorizer__max_df": 0.5, "classifier__learning_rate": 0.001, "classifier__n_estimators": 500, "classifier__colsample_bytree": 0.5, "classifier__max_depth": 6, "classifier": "<class 'xgboost.sklearn.XGBClassifier'>"}, {"vectorizer": "<class 'sklearn.feature_extraction.text.CountVectorizer'>", "vectorizer__ngram_range": [1, 1], "vectorizer__preprocessor": "<function pp_SnowballStemmer at 0x7fcad252a550>", "vectorizer__max_df": 0.5, "classifier__learning_rate": 0.001, "classifier__n_estimators": 500, "classifier__colsample_bytree": 0.5, "classifier__max_depth": 12, "classifier": "<class 'xgboost.sklearn.XGBClassifier'>"}, {"vectorizer": "<class 'sklearn.feature_extraction.text.CountVectorizer'>", "vectorizer__ngram_range": [1, 1], "vectorizer__preprocessor": "<function pp_SnowballStemmer at 0x7fcad252a550>", "vectorizer__max_df": 0.5, "classifier__learning_rate": 0.001, "classifier__n_estimators": 500, "classifier__colsample_bytree": 0.9, "classifier__max_depth": 6, "classifier": "<class 'xgboost.sklearn.XGBClassifier'>"}, {"vectorizer": "<class 'sklearn.feature_extraction.text.CountVectorizer'>", "vectorizer__ngram_range": [1, 1], "vectorizer__preprocessor": "<function pp_SnowballStemmer at 0x7fcad252a550>", "vectorizer__max_df": 0.5, "classifier__learning_rate": 0.001, "classifier__n_estimators": 500, "classifier__colsample_bytree": 0.9, "classifier__max_depth": 12, "classifier": "<class 'xgboost.sklearn.XGBClassifier'>"}, {"vectorizer": "<class 'sklearn.feature_extraction.text.CountVectorizer'>", "vectorizer__ngram_range": [1, 1], "vectorizer__preprocessor": "<function pp_SnowballStemmer at 0x7fcad252a550>", "vectorizer__max_df": 0.5, "classifier__learning_rate": 0.1, "classifier__n_estimators": 500, "classifier__colsample_bytree": 0.5, "classifier__max_depth": 6, "classifier": "<class 'xgboost.sklearn.XGBClassifier'>"}, {"vectorizer": "<class 'sklearn.feature_extraction.text.CountVectorizer'>", "vectorizer__ngram_range": [1, 1], "vectorizer__preprocessor": "<function pp_SnowballStemmer at 0x7fcad252a550>", "vectorizer__max_df": 0.5, "classifier__learning_rate": 0.1, "classifier__n_estimators": 500, "classifier__colsample_bytree": 0.5, "classifier__max_depth": 12, "classifier": "<class 'xgboost.sklearn.XGBClassifier'>"}, {"vectorizer": "<class 'sklearn.feature_extraction.text.CountVectorizer'>", "vectorizer__ngram_range": [1, 1], "vectorizer__preprocessor": "<function pp_SnowballStemmer at 0x7fcad252a550>", "vectorizer__max_df": 0.5, "classifier__learning_rate": 0.1, "classifier__n_estimators": 500, "classifier__colsample_bytree": 0.9, "classifier__max_depth": 6, "classifier": "<class 'xgboost.sklearn.XGBClassifier'>"}, {"vectorizer": "<class 'sklearn.feature_extraction.text.CountVectorizer'>", "vectorizer__ngram_range": [1, 1], "vectorizer__preprocessor": "<function pp_SnowballStemmer at 0x7fcad252a550>", "vectorizer__max_df": 0.5, "classifier__learning_rate": 0.1, "classifier__n_estimators": 500, "classifier__colsample_bytree": 0.9, "classifier__max_depth": 12, "classifier": "<class 'xgboost.sklearn.XGBClassifier'>"}, {"vectorizer": "<class 'sklearn.feature_extraction.text.CountVectorizer'>", "vectorizer__ngram_range": [1, 1], "vectorizer__preprocessor": "<function pp_SnowballStemmer at 0x7fcad252a550>", "vectorizer__max_df": 0.9, "classifier__learning_rate": 0.001, "classifier__n_estimators": 500, "classifier__colsample_bytree": 0.5, "classifier__max_depth": 6, "classifier": "<class 'xgboost.sklearn.XGBClassifier'>"}, {"vectorizer": "<class 'sklearn.feature_extraction.text.CountVectorizer'>", "vectorizer__ngram_range": [1, 1],