{"meta": {"name": "exp2_xgb_results.json", "description": ""}, "results": [{"report": {"0": {"precision": 0.7818486590038314, "recall": 0.675424079437319, "f1-score": 0.7247502774694784, "support": 14502.0}, "1": {"precision": 0.3241923905240488, "recall": 0.45241434582248047, "f1-score": 0.37771830043492804, "support": 4991.0}, "accuracy": 0.6183245267531935, "macro avg": {"precision": 0.5530205247639401, "recall": 0.5639192126298997, "f1-score": 0.5512342889522033, "support": 19493.0}, "weighted avg": {"precision": 0.6646700597126707, "recall": 0.6183245267531935, "f1-score": 0.6358959914499103, "support": 19493.0}}, "classifier_params": {"learning_rate": 0.1, "n_estimators": 500, "colsample_bytree": 0.9, "max_depth": 12}, "vectorizer": "CountVectorizer(max_df=0.5, ngram_range=(1, 3),\n                preprocessor=<function pp_SnowballStemmer at 0x7f37d235b700>)", "vectorizer_params": {"ngram_range": [1, 3], "preprocessor": "<function pp_SnowballStemmer at 0x7f37d235b700>", "max_df": 0.5}, "num_oov_feats": 256094, "val_f1_macro_mean": 0.7365185008280563, "val_f1_weighted_mean": 0.8426814907346566, "drop_in_f1_macro_mean": 0.18528421187585298, "drop_in_f1_weighed_mean": 0.20678549928474632}, {"report": {"0": {"precision": 0.7818486590038314, "recall": 0.675424079437319, "f1-score": 0.7247502774694784, "support": 14502.0}, "1": {"precision": 0.3241923905240488, "recall": 0.45241434582248047, "f1-score": 0.37771830043492804, "support": 4991.0}, "accuracy": 0.6183245267531935, "macro avg": {"precision": 0.5530205247639401, "recall": 0.5639192126298997, "f1-score": 0.5512342889522033, "support": 19493.0}, "weighted avg": {"precision": 0.6646700597126707, "recall": 0.6183245267531935, "f1-score": 0.6358959914499103, "support": 19493.0}}, "classifier_params": {"learning_rate": 0.1, "n_estimators": 500, "colsample_bytree": 0.9, "max_depth": 12}, "vectorizer": "CountVectorizer(max_df=0.9, ngram_range=(1, 3),\n                preprocessor=<function pp_SnowballStemmer at 0x7f37d235b700>)", "vectorizer_params": {"ngram_range": [1, 3], "preprocessor": "<function pp_SnowballStemmer at 0x7f37d235b700>", "max_df": 0.9}, "num_oov_feats": 256094, "val_f1_macro_mean": 0.7365185008280563, "val_f1_weighted_mean": 0.8426814907346566, "drop_in_f1_macro_mean": 0.18528421187585298, "drop_in_f1_weighed_mean": 0.20678549928474632}, {"report": {"0": {"precision": 0.7673956262425448, "recall": 0.692042476899738, "f1-score": 0.7277737490935461, "support": 14502.0}, "1": {"precision": 0.3038191738113796, "recall": 0.39050290522941294, "f1-score": 0.34174995616342274, "support": 4991.0}, "accuracy": 0.6148360950084646, "macro avg": {"precision": 0.5356074000269622, "recall": 0.5412726910645754, "f1-score": 0.5347618526284844, "support": 19493.0}, "weighted avg": {"precision": 0.6487012193229353, "recall": 0.6148360950084646, "f1-score": 0.6289359739684117, "support": 19493.0}}, "classifier_params": {"learning_rate": 0.1, "n_estimators": 500, "colsample_bytree": 0.5, "max_depth": 12}, "vectorizer": "CountVectorizer(max_df=0.9)", "vectorizer_params": {"ngram_range": [1, 1], "preprocessor": null, "max_df": 0.9}, "num_oov_feats": 13067, "val_f1_macro_mean": 0.7361874040415385, "val_f1_weighted_mean": 0.8405955327455631, "drop_in_f1_macro_mean": 0.20142555141305407, "drop_in_f1_weighed_mean": 0.21165955877715137}, {"report": {"0": {"precision": 0.7673956262425448, "recall": 0.692042476899738, "f1-score": 0.7277737490935461, "support": 14502.0}, "1": {"precision": 0.3038191738113796, "recall": 0.39050290522941294, "f1-score": 0.34174995616342274, "support": 4991.0}, "accuracy": 0.6148360950084646, "macro avg": {"precision": 0.5356074000269622, "recall": 0.5412726910645754, "f1-score": 0.5347618526284844, "support": 19493.0}, "weighted avg": {"precision": 0.6487012193229353, "recall": 0.6148360950084646, "f1-score": 0.6289359739684117, "support": 19493.0}}, "classifier_params": {"learning_rate": 0.1, "n_estimators": 500, "colsample_bytree": 0.5, "max_depth": 12}, "vectorizer": "CountVectorizer(max_df=0.5)", "vectorizer_params": {"ngram_range": [1, 1], "preprocessor": null, "max_df": 0.5}, "num_oov_feats": 13067, "val_f1_macro_mean": 0.7361874040415385, "val_f1_weighted_mean": 0.8405955327455631, "drop_in_f1_macro_mean": 0.20142555141305407, "drop_in_f1_weighed_mean": 0.21165955877715137}, {"report": {"0": {"precision": 0.7825613926018029, "recall": 0.6943869811060543, "f1-score": 0.7358421629521373, "support": 14502.0}, "1": {"precision": 0.3310188679245283, "recall": 0.4393909036265278, "f1-score": 0.37758264462809915, "support": 4991.0}, "accuracy": 0.6290976247883856, "macro avg": {"precision": 0.5567901302631656, "recall": 0.5668889423662911, "f1-score": 0.5567124037901182, "support": 19493.0}, "weighted avg": {"precision": 0.66694816012531, "recall": 0.6290976247883856, "f1-score": 0.6441131701877976, "support": 19493.0}}, "classifier_params": {"learning_rate": 0.1, "n_estimators": 500, "colsample_bytree": 0.5, "max_depth": 12}, "vectorizer": "CountVectorizer(max_df=0.9,\n                preprocessor=<function pp_SnowballStemmer at 0x7f37d235b700>)", "vectorizer_params": {"ngram_range": [1, 1], "preprocessor": "<function pp_SnowballStemmer at 0x7f37d235b700>", "max_df": 0.9}, "num_oov_feats": 11102, "val_f1_macro_mean": 0.7359319754184704, "val_f1_weighted_mean": 0.8421838380858088, "drop_in_f1_macro_mean": 0.17921957162835223, "drop_in_f1_weighed_mean": 0.1980706678980112}, {"report": {"0": {"precision": 0.7825613926018029, "recall": 0.6943869811060543, "f1-score": 0.7358421629521373, "support": 14502.0}, "1": {"precision": 0.3310188679245283, "recall": 0.4393909036265278, "f1-score": 0.37758264462809915, "support": 4991.0}, "accuracy": 0.6290976247883856, "macro avg": {"precision": 0.5567901302631656, "recall": 0.5668889423662911, "f1-score": 0.5567124037901182, "support": 19493.0}, "weighted avg": {"precision": 0.66694816012531, "recall": 0.6290976247883856, "f1-score": 0.6441131701877976, "support": 19493.0}}, "classifier_params": {"learning_rate": 0.1, "n_estimators": 500, "colsample_bytree": 0.5, "max_depth": 12}, "vectorizer": "CountVectorizer(max_df=0.5,\n                preprocessor=<function pp_SnowballStemmer at 0x7f37d235b700>)", "vectorizer_params": {"ngram_range": [1, 1], "preprocessor": "<function pp_SnowballStemmer at 0x7f37d235b700>", "max_df": 0.5}, "num_oov_feats": 11102, "val_f1_macro_mean": 0.7359319754184704, "val_f1_weighted_mean": 0.8421838380858088, "drop_in_f1_macro_mean": 0.17921957162835223, "drop_in_f1_weighed_mean": 0.1980706678980112}, {"report": {"0": {"precision": 0.7802849441663458, "recall": 0.6986622534822783, "f1-score": 0.7372212318550587, "support": 14502.0}, "1": {"precision": 0.32851874615857407, "recall": 0.42837106792226004, "f1-score": 0.3718584224715193, "support": 4991.0}, "accuracy": 0.6294567280562253, "macro avg": {"precision": 0.5544018451624599, "recall": 0.5635166607022691, "f1-score": 0.554539827163289, "support": 19493.0}, "weighted avg": {"precision": 0.6646144422294049, "recall": 0.6294567280562253, "f1-score": 0.643673507972986, "support": 19493.0}}, "classifier_params": {"learning_rate": 0.1, "n_estimators": 464, "colsample_bytree": 0.5, "max_depth": 12}, "vectorizer": "CountVectorizer(max_df=0.9, ngram_range=(1, 3),\n                preprocessor=<function pp_SnowballStemmer at 0x7f37d235b700>)", "vectorizer_params": {"ngram_range": [1, 3], "preprocessor": "<function pp_SnowballStemmer at 0x7f37d235b700>", "max_df": 0.9}, "num_oov_feats": 256094, "val_f1_macro_mean": 0.7357390164152781, "val_f1_weighted_mean": 0.8413250804070583, "drop_in_f1_macro_mean": 0.18119918925198908, "drop_in_f1_weighed_mean": 0.1976515724340724}, {"report": {"0": {"precision": 0.7802849441663458, "recall": 0.6986622534822783, "f1-score": 0.7372212318550587, "support": 14502.0}, "1": {"precision": 0.32851874615857407, "recall": 0.42837106792226004, "f1-score": 0.3718584224715193, "support": 4991.0}, "accuracy": 0.6294567280562253,