{"meta": {"name": "exp2_catb_results.json", "description": ""}, "results": [{"report": {"0": {"precision": 0.7688227684346701, "recall": 0.8196110881257758, "f1-score": 0.7934049796408784, "support": 14502.0}, "1": {"precision": 0.35135135135135137, "recall": 0.2839110398717692, "f1-score": 0.3140514184397163, "support": 4991.0}, "accuracy": 0.6824501102960037, "macro avg": {"precision": 0.5600870598930108, "recall": 0.5517610639987724, "f1-score": 0.5537281990402974, "support": 19493.0}, "weighted avg": {"precision": 0.6619331238103002, "recall": 0.6824501102960037, "f1-score": 0.6706709918526981, "support": 19493.0}}, "classifier_params": {"learning_rate": 0.1, "n_estimators": 173, "rsm": 1, "depth": 10}, "vectorizer": "CountVectorizer(max_df=0.5, ngram_range=(1, 3))", "vectorizer_params": {"ngram_range": [1, 3], "preprocessor": null, "max_df": 0.5}, "num_oov_feats": 272544, "val_f1_macro_mean": 0.7270263081559752, "val_f1_weighted_mean": 0.8293618247450545, "drop_in_f1_macro_mean": 0.1732981091156779, "drop_in_f1_weighed_mean": 0.15869083289235641}, {"report": {"0": {"precision": 0.7688227684346701, "recall": 0.8196110881257758, "f1-score": 0.7934049796408784, "support": 14502.0}, "1": {"precision": 0.35135135135135137, "recall": 0.2839110398717692, "f1-score": 0.3140514184397163, "support": 4991.0}, "accuracy": 0.6824501102960037, "macro avg": {"precision": 0.5600870598930108, "recall": 0.5517610639987724, "f1-score": 0.5537281990402974, "support": 19493.0}, "weighted avg": {"precision": 0.6619331238103002, "recall": 0.6824501102960037, "f1-score": 0.6706709918526981, "support": 19493.0}}, "classifier_params": {"learning_rate": 0.1, "n_estimators": 173, "rsm": 1, "depth": 10}, "vectorizer": "CountVectorizer(max_df=0.9, ngram_range=(1, 3))", "vectorizer_params": {"ngram_range": [1, 3], "preprocessor": null, "max_df": 0.9}, "num_oov_feats": 272544, "val_f1_macro_mean": 0.7270263081559752, "val_f1_weighted_mean": 0.8293618247450545, "drop_in_f1_macro_mean": 0.1732981091156779, "drop_in_f1_weighed_mean": 0.15869083289235641}, {"report": {"0": {"precision": 0.7673218833670737, "recall": 0.8102330713005103, "f1-score": 0.7881938621499245, "support": 14502.0}, "1": {"precision": 0.3416267942583732, "recall": 0.2861150070126227, "f1-score": 0.31141642132809944, "support": 4991.0}, "accuracy": 0.6760375519417227, "macro avg": {"precision": 0.5544743388127235, "recall": 0.5481740391565665, "f1-score": 0.549805141739012, "support": 19493.0}, "weighted avg": {"precision": 0.6583266445766605, "recall": 0.6760375519417227, "f1-score": 0.6661194658465475, "support": 19493.0}}, "classifier_params": {"learning_rate": 0.1, "n_estimators": 159, "rsm": 0.75, "depth": 10}, "vectorizer": "CountVectorizer(max_df=0.9)", "vectorizer_params": {"ngram_range": [1, 1], "preprocessor": null, "max_df": 0.9}, "num_oov_feats": 13067, "val_f1_macro_mean": 0.7264063528154514, "val_f1_weighted_mean": 0.8292718185260052, "drop_in_f1_macro_mean": 0.17660121107643945, "drop_in_f1_weighed_mean": 0.1631523526794577}, {"report": {"0": {"precision": 0.7673218833670737, "recall": 0.8102330713005103, "f1-score": 0.7881938621499245, "support": 14502.0}, "1": {"precision": 0.3416267942583732, "recall": 0.2861150070126227, "f1-score": 0.31141642132809944, "support": 4991.0}, "accuracy": 0.6760375519417227, "macro avg": {"precision": 0.5544743388127235, "recall": 0.5481740391565665, "f1-score": 0.549805141739012, "support": 19493.0}, "weighted avg": {"precision": 0.6583266445766605, "recall": 0.6760375519417227, "f1-score": 0.6661194658465475, "support": 19493.0}}, "classifier_params": {"learning_rate": 0.1, "n_estimators": 159, "rsm": 0.75, "depth": 10}, "vectorizer": "CountVectorizer(max_df=0.5)", "vectorizer_params": {"ngram_range": [1, 1], "preprocessor": null, "max_df": 0.5}, "num_oov_feats": 13067, "val_f1_macro_mean": 0.7264063528154514, "val_f1_weighted_mean": 0.8292718185260052, "drop_in_f1_macro_mean": 0.17660121107643945, "drop_in_f1_weighed_mean": 0.1631523526794577}, {"report": {"0": {"precision": 0.7713523131672598, "recall": 0.7772031443938767, "f1-score": 0.774266675826063, "support": 14502.0}, "1": {"precision": 0.33804548248309774, "recall": 0.33059507112803044, "f1-score": 0.33427876823338737, "support": 4991.0}, "accuracy": 0.6628533319653209, "macro avg": {"precision": 0.5546988978251788, "recall": 0.5538991077609536, "f1-score": 0.5542727220297252, "support": 19493.0}, "weighted avg": {"precision": 0.6604081592686987, "recall": 0.6628533319653209, "f1-score": 0.6616118947869697, "support": 19493.0}}, "classifier_params": {"learning_rate": 0.1, "n_estimators": 153, "rsm": 1, "depth": 10}, "vectorizer": "CountVectorizer(max_df=0.9,\n                preprocessor=<function pp_SnowballStemmer at 0x7fa3d6c50310>)", "vectorizer_params": {"ngram_range": [1, 1], "preprocessor": "<function pp_SnowballStemmer at 0x7fa3d6c50310>", "max_df": 0.9}, "num_oov_feats": 11102, "val_f1_macro_mean": 0.7263351087403892, "val_f1_weighted_mean": 0.829885716391466, "drop_in_f1_macro_mean": 0.17206238671066398, "drop_in_f1_weighed_mean": 0.16827382160449633}, {"report": {"0": {"precision": 0.7713523131672598, "recall": 0.7772031443938767, "f1-score": 0.774266675826063, "support": 14502.0}, "1": {"precision": 0.33804548248309774, "recall": 0.33059507112803044, "f1-score": 0.33427876823338737, "support": 4991.0}, "accuracy": 0.6628533319653209, "macro avg": {"precision": 0.5546988978251788, "recall": 0.5538991077609536, "f1-score": 0.5542727220297252, "support": 19493.0}, "weighted avg": {"precision": 0.6604081592686987, "recall": 0.6628533319653209, "f1-score": 0.6616118947869697, "support": 19493.0}}, "classifier_params": {"learning_rate": 0.1, "n_estimators": 153, "rsm": 1, "depth": 10}, "vectorizer": "CountVectorizer(max_df=0.5,\n                preprocessor=<function pp_SnowballStemmer at 0x7fa3d6c50310>)", "vectorizer_params": {"ngram_range": [1, 1], "preprocessor": "<function pp_SnowballStemmer at 0x7fa3d6c50310>", "max_df": 0.5}, "num_oov_feats": 11102, "val_f1_macro_mean": 0.7263351087403892, "val_f1_weighted_mean": 0.829885716391466, "drop_in_f1_macro_mean": 0.17206238671066398, "drop_in_f1_weighed_mean": 0.16827382160449633}, {"report": {"0": {"precision": 0.7686687786901144, "recall": 0.8198179561439801, "f1-score": 0.7934198671961027, "support": 14502.0}, "1": {"precision": 0.3509687034277198, "recall": 0.28310959727509516, "f1-score": 0.31340800709770433, "support": 4991.0}, "accuracy": 0.6823988098291695, "macro avg": {"precision": 0.559818741058917, "recall": 0.5514637767095376, "f1-score": 0.5534139371469036, "support": 19493.0}, "weighted avg": {"precision": 0.6617205882815261, "recall": 0.6823988098291695, "f1-score": 0.6705173281435656, "support": 19493.0}}, "classifier_params": {"learning_rate": 0.1, "n_estimators": 184, "rsm": 0.75, "depth": 10}, "vectorizer": "CountVectorizer(max_df=0.9, ngram_range=(1, 3))", "vectorizer_params": {"ngram_range": [1, 3], "preprocessor": null, "max_df": 0.9}, "num_oov_feats": 272544, "val_f1_macro_mean": 0.7260696104071888, "val_f1_weighted_mean": 0.8285080607542429, "drop_in_f1_macro_mean": 0.1726556732602852, "drop_in_f1_weighed_mean": 0.1579907326106773}, {"report": {"0": {"precision": 0.7686687786901144, "recall": 0.8198179561439801, "f1-score": 0.7934198671961027, "support": 14502.0}, "1": {"precision": 0.3509687034277198, "recall": 0.28310959727509516, "f1-score": 0.31340800709770433, "support": 4991.0}, "accuracy": 0.6823988098291695, "macro avg": {"precision": 0.559818741058917, "recall": 0.5514637767095376, "f1-score": 0.5534139371469036, "support": 19493.0}, "weighted avg": {"precision": 0.6617205882815261, "recall": 0.6823988098291695, "f1-score": 0.6705173281435656, "support": 19493.0}}, "classifier_params": {"learning_rate": 0.1, "n_estimators": 184, "rsm": 0.75, "depth": 10}, "vectorizer": "CountVectorizer(max_df=0.5, ngram_range=(1, 3))", "vectorizer_params": {"ngram_range": [1, 3], "preprocessor": null, "max_df": 0.5},