{"meta": {"name": "exp4_catb_results.json", "description": ""}, "results": [{"report": {"0": {"precision": 0.7780931708131574, "recall": 0.642669976554958, "f1-score": 0.7039274924471299, "support": 14502.0}, "1": {"precision": 0.3104457751164338, "recall": 0.46744139451011824, "f1-score": 0.37310091156245, "support": 4991.0}, "accuracy": 0.5978043400194942, "macro avg": {"precision": 0.5442694729647957, "recall": 0.5550556855325381, "f1-score": 0.5385142020047899, "support": 19493.0}, "weighted avg": {"precision": 0.6583564370152635, "recall": 0.5978043400194942, "f1-score": 0.6192224462666838, "support": 19493.0}}, "classifier_params": {"learning_rate": 0.1, "n_estimators": 146, "rsm": 1, "depth": 10}, "vectorizer": "CountVectorizer(max_df=0.9)", "vectorizer_params": {"ngram_range": [1, 1], "preprocessor": null, "max_df": 0.9}, "num_oov_feats": 17640, "val_f1_macro_mean": 0.6476674500638054, "val_f1_weighted_mean": 0.8979123132654475, "drop_in_f1_macro_mean": 0.1091532480590155, "drop_in_f1_weighed_mean": 0.27868986699876375}, {"report": {"0": {"precision": 0.7780931708131574, "recall": 0.642669976554958, "f1-score": 0.7039274924471299, "support": 14502.0}, "1": {"precision": 0.3104457751164338, "recall": 0.46744139451011824, "f1-score": 0.37310091156245, "support": 4991.0}, "accuracy": 0.5978043400194942, "macro avg": {"precision": 0.5442694729647957, "recall": 0.5550556855325381, "f1-score": 0.5385142020047899, "support": 19493.0}, "weighted avg": {"precision": 0.6583564370152635, "recall": 0.5978043400194942, "f1-score": 0.6192224462666838, "support": 19493.0}}, "classifier_params": {"learning_rate": 0.1, "n_estimators": 146, "rsm": 1, "depth": 10}, "vectorizer": "CountVectorizer(max_df=0.5)", "vectorizer_params": {"ngram_range": [1, 1], "preprocessor": null, "max_df": 0.5}, "num_oov_feats": 17640, "val_f1_macro_mean": 0.6476674500638054, "val_f1_weighted_mean": 0.8979123132654475, "drop_in_f1_macro_mean": 0.1091532480590155, "drop_in_f1_weighed_mean": 0.27868986699876375}, {"report": {"0": {"precision": 0.7737215266254337, "recall": 0.35367535512343123, "f1-score": 0.4854479201173631, "support": 14502.0}, "1": {"precision": 0.27137748756218905, "recall": 0.699459026247245, "f1-score": 0.3910389246709605, "support": 4991.0}, "accuracy": 0.4422100241112194, "macro avg": {"precision": 0.5225495070938113, "recall": 0.5265671906853381, "f1-score": 0.4382434223941618, "support": 19493.0}, "weighted avg": {"precision": 0.6451010424021405, "recall": 0.4422100241112194, "f1-score": 0.46127538144845653, "support": 19493.0}}, "classifier_params": {"learning_rate": 0.1, "n_estimators": 144, "rsm": 0.75, "depth": 10}, "vectorizer": "CountVectorizer(max_df=0.5)", "vectorizer_params": {"ngram_range": [1, 1], "preprocessor": null, "max_df": 0.5}, "num_oov_feats": 17640, "val_f1_macro_mean": 0.6462219447782177, "val_f1_weighted_mean": 0.8980777414888506, "drop_in_f1_macro_mean": 0.2079785223840559, "drop_in_f1_weighed_mean": 0.436802360040394}, {"report": {"0": {"precision": 0.7737215266254337, "recall": 0.35367535512343123, "f1-score": 0.4854479201173631, "support": 14502.0}, "1": {"precision": 0.27137748756218905, "recall": 0.699459026247245, "f1-score": 0.3910389246709605, "support": 4991.0}, "accuracy": 0.4422100241112194, "macro avg": {"precision": 0.5225495070938113, "recall": 0.5265671906853381, "f1-score": 0.4382434223941618, "support": 19493.0}, "weighted avg": {"precision": 0.6451010424021405, "recall": 0.4422100241112194, "f1-score": 0.46127538144845653, "support": 19493.0}}, "classifier_params": {"learning_rate": 0.1, "n_estimators": 144, "rsm": 0.75, "depth": 10}, "vectorizer": "CountVectorizer(max_df=0.9)", "vectorizer_params": {"ngram_range": [1, 1], "preprocessor": null, "max_df": 0.9}, "num_oov_feats": 17640, "val_f1_macro_mean": 0.6462219447782177, "val_f1_weighted_mean": 0.8980777414888506, "drop_in_f1_macro_mean": 0.2079785223840559, "drop_in_f1_weighed_mean": 0.436802360040394}, {"report": {"0": {"precision": 0.7694319880418535, "recall": 0.2839608329885533, "f1-score": 0.41482824619723985, "support": 14502.0}, "1": {"precision": 0.26568135209674, "recall": 0.7527549589260669, "f1-score": 0.39274513903407904, "support": 4991.0}, "accuracy": 0.4039911763197045, "macro avg": {"precision": 0.5175566700692967, "recall": 0.5183578959573101, "f1-score": 0.40378669261565947, "support": 19493.0}, "weighted avg": {"precision": 0.6404513578668132, "recall": 0.4039911763197045, "f1-score": 0.409174073527495, "support": 19493.0}}, "classifier_params": {"learning_rate": 0.1, "n_estimators": 153, "rsm": 1, "depth": 10}, "vectorizer": "CountVectorizer(max_df=0.5, ngram_range=(1, 3),\n                preprocessor=<function pp_SnowballStemmer at 0x7f63448f7310>)", "vectorizer_params": {"ngram_range": [1, 3], "preprocessor": "<function pp_SnowballStemmer at 0x7f63448f7310>", "max_df": 0.5}, "num_oov_feats": 294669, "val_f1_macro_mean": 0.6439984640567683, "val_f1_weighted_mean": 0.8940703203749218, "drop_in_f1_macro_mean": 0.24021177144110883, "drop_in_f1_weighed_mean": 0.4848962468474268}, {"report": {"0": {"precision": 0.7694319880418535, "recall": 0.2839608329885533, "f1-score": 0.41482824619723985, "support": 14502.0}, "1": {"precision": 0.26568135209674, "recall": 0.7527549589260669, "f1-score": 0.39274513903407904, "support": 4991.0}, "accuracy": 0.4039911763197045, "macro avg": {"precision": 0.5175566700692967, "recall": 0.5183578959573101, "f1-score": 0.40378669261565947, "support": 19493.0}, "weighted avg": {"precision": 0.6404513578668132, "recall": 0.4039911763197045, "f1-score": 0.409174073527495, "support": 19493.0}}, "classifier_params": {"learning_rate": 0.1, "n_estimators": 153, "rsm": 1, "depth": 10}, "vectorizer": "CountVectorizer(max_df=0.9, ngram_range=(1, 3),\n                preprocessor=<function pp_SnowballStemmer at 0x7f63448f7310>)", "vectorizer_params": {"ngram_range": [1, 3], "preprocessor": "<function pp_SnowballStemmer at 0x7f63448f7310>", "max_df": 0.9}, "num_oov_feats": 294669, "val_f1_macro_mean": 0.6439984640567683, "val_f1_weighted_mean": 0.8940703203749218, "drop_in_f1_macro_mean": 0.24021177144110883, "drop_in_f1_weighed_mean": 0.4848962468474268}, {"report": {"0": {"precision": 0.7710795902285263, "recall": 0.2698938077506551, "f1-score": 0.39983655123097356, "support": 14502.0}, "1": {"precision": 0.26558923493098424, "recall": 0.7671809256661991, "f1-score": 0.39457955482275353, "support": 4991.0}, "accuracy": 0.39721951469758376, "macro avg": {"precision": 0.5183344125797553, "recall": 0.5185373667084271, "f1-score": 0.3972080530268636, "support": 19493.0}, "weighted avg": {"precision": 0.6416535212145197, "recall": 0.39721951469758376, "f1-score": 0.3984905465588643, "support": 19493.0}}, "classifier_params": {"learning_rate": 0.1, "n_estimators": 116, "rsm": 1, "depth": 10}, "vectorizer": "CountVectorizer(max_df=0.9,\n                preprocessor=<function pp_SnowballStemmer at 0x7f63448f7310>)", "vectorizer_params": {"ngram_range": [1, 1], "preprocessor": "<function pp_SnowballStemmer at 0x7f63448f7310>", "max_df": 0.9}, "num_oov_feats": 13955, "val_f1_macro_mean": 0.6439113166205214, "val_f1_weighted_mean": 0.8933315554851459, "drop_in_f1_macro_mean": 0.2467032635936578, "drop_in_f1_weighed_mean": 0.4948410089262816}, {"report": {"0": {"precision": 0.7710795902285263, "recall": 0.2698938077506551, "f1-score": 0.39983655123097356, "support": 14502.0}, "1": {"precision": 0.26558923493098424, "recall": 0.7671809256661991, "f1-score": 0.39457955482275353, "support": 4991.0}, "accuracy": 0.39721951469758376, "macro avg": {"precision": 0.5183344125797553, "recall": 0.5185373667084271, "f1-score": 0.3972080530268636, "support": 19493.0}, "weighted avg": {"precision": 0.6416535212145197, "recall": 0.39721951469758376, "f1-score": 0.3984905465588643, "support": 19493.0}}, "classifier_params": {"learning_rate": 0.1, "n_estimators": 116, "rsm": 1, "depth": 10},