{"meta": {"name": "exp5_xgb_results.json", "description": ""}, "results": [{"report": {"0": {"precision": 0.1920005437183539, "recall": 0.8859965501019288, "f1-score": 0.3156071947268462, "support": 6377.0}, "1": {"precision": 0.9489752947782145, "recall": 0.36251273526730654, "f1-score": 0.524618787102782, "support": 37298.0}, "accuracy": 0.4389467658843732, "macro avg": {"precision": 0.5704879192482842, "recall": 0.6242546426846176, "f1-score": 0.4201129909148141, "support": 43675.0}, "weighted avg": {"precision": 0.8384491817270702, "recall": 0.4389467658843732, "f1-score": 0.49410094109061614, "support": 43675.0}}, "classifier_params": {"learning_rate": 0.001, "n_estimators": 500, "colsample_bytree": 0.5, "max_depth": 12}, "vectorizer": "CountVectorizer(max_df=0.5, ngram_range=(1, 3))", "vectorizer_params": {"ngram_range": [1, 3], "preprocessor": null, "max_df": 0.5}, "num_oov_feats": 1018917, "val_f1_macro_mean": 0.6138518443134705, "val_f1_weighted_mean": 0.7134625147488983, "drop_in_f1_macro_mean": 0.19373885339865643, "drop_in_f1_weighed_mean": 0.21936157365828218}, {"report": {"0": {"precision": 0.1911670217442765, "recall": 0.8864669907480006, "f1-score": 0.31450984755758316, "support": 6377.0}, "1": {"precision": 0.948667044809983, "recall": 0.3587323717089388, "f1-score": 0.5206023111941169, "support": 37298.0}, "accuracy": 0.43578706353749286, "macro avg": {"precision": 0.5699170332771297, "recall": 0.6225996812284698, "f1-score": 0.41755607937585004, "support": 43675.0}, "weighted avg": {"precision": 0.8380642366339094, "recall": 0.43578706353749286, "f1-score": 0.49051068805478837, "support": 43675.0}}, "classifier_params": {"learning_rate": 0.001, "n_estimators": 500, "colsample_bytree": 0.5, "max_depth": 12}, "vectorizer": "CountVectorizer(max_df=0.9, ngram_range=(1, 3))", "vectorizer_params": {"ngram_range": [1, 3], "preprocessor": null, "max_df": 0.9}, "num_oov_feats": 1018916, "val_f1_macro_mean": 0.6136373039265725, "val_f1_weighted_mean": 0.7137156976596932, "drop_in_f1_macro_mean": 0.1960812245507224, "drop_in_f1_weighed_mean": 0.22320500960490486}, {"report": {"0": {"precision": 0.1880512183968119, "recall": 0.9027755998118238, "f1-score": 0.311264902273526, "support": 6377.0}, "1": {"precision": 0.9525304341168364, "recall": 0.33355675907555365, "f1-score": 0.49409241644988977, "support": 37298.0}, "accuracy": 0.4166685746994848, "macro avg": {"precision": 0.5702908262568241, "recall": 0.6181661794436887, "f1-score": 0.4026786593617079, "support": 43675.0}, "weighted avg": {"precision": 0.8409085919039778, "recall": 0.4166685746994848, "f1-score": 0.4673977156392962, "support": 43675.0}}, "classifier_params": {"learning_rate": 0.1, "n_estimators": 240, "colsample_bytree": 0.5, "max_depth": 6}, "vectorizer": "CountVectorizer(max_df=0.5, ngram_range=(1, 3),\n                preprocessor=<function pp_SnowballStemmer at 0x7f6761facf70>)", "vectorizer_params": {"ngram_range": [1, 3], "preprocessor": "<function pp_SnowballStemmer at 0x7f6761facf70>", "max_df": 0.5}, "num_oov_feats": 951329, "val_f1_macro_mean": 0.6119565332851081, "val_f1_weighted_mean": 0.7043063659663132, "drop_in_f1_macro_mean": 0.20927787392340025, "drop_in_f1_weighed_mean": 0.23690865032701702}, {"report": {"0": {"precision": 0.1878801981185387, "recall": 0.88631017719931, "f1-score": 0.3100383982446517, "support": 6377.0}, "1": {"precision": 0.9466597998822837, "recall": 0.34497828301785616, "f1-score": 0.5056789153075261, "support": 37298.0}, "accuracy": 0.4240183171150544, "macro avg": {"precision": 0.5672699990004112, "recall": 0.6156442301085832, "f1-score": 0.4078586567760889, "support": 43675.0}, "weighted avg": {"precision": 0.8358701600323144, "recall": 0.4240183171150544, "f1-score": 0.4771133840583, "support": 43675.0}}, "classifier_params": {"learning_rate": 0.1, "n_estimators": 285, "colsample_bytree": 0.5, "max_depth": 6}, "vectorizer": "CountVectorizer(max_df=0.9)", "vectorizer_params": {"ngram_range": [1, 1], "preprocessor": null, "max_df": 0.9}, "num_oov_feats": 32963, "val_f1_macro_mean": 0.611192552755629, "val_f1_weighted_mean": 0.7037894698056046, "drop_in_f1_macro_mean": 0.2033338959795401, "drop_in_f1_weighed_mean": 0.22667608574730463}, {"report": {"0": {"precision": 0.19146925828440306, "recall": 0.8897600752705034, "f1-score": 0.31512593374246756, "support": 6377.0}, "1": {"precision": 0.9499323410013532, "recall": 0.3576063059681484, "f1-score": 0.5196049786711856, "support": 37298.0}, "accuracy": 0.4353062392673154, "macro avg": {"precision": 0.5707007996428781, "recall": 0.6236831906193259, "f1-score": 0.4173654562068266, "support": 43675.0}, "weighted avg": {"precision": 0.8391889161934314, "recall": 0.4353062392673154, "f1-score": 0.48974893128685965, "support": 43675.0}}, "classifier_params": {"learning_rate": 0.001, "n_estimators": 500, "colsample_bytree": 0.5, "max_depth": 12}, "vectorizer": "CountVectorizer(max_df=0.9, ngram_range=(1, 3),\n                preprocessor=<function pp_SnowballStemmer at 0x7f6761facf70>)", "vectorizer_params": {"ngram_range": [1, 3], "preprocessor": "<function pp_SnowballStemmer at 0x7f6761facf70>", "max_df": 0.9}, "num_oov_feats": 951328, "val_f1_macro_mean": 0.6110421841816412, "val_f1_weighted_mean": 0.7102747863403103, "drop_in_f1_macro_mean": 0.19367672797481467, "drop_in_f1_weighed_mean": 0.22052585505345063}, {"report": {"0": {"precision": 0.19306204136090727, "recall": 0.9076368198212326, "f1-score": 0.318398107654647, "support": 6377.0}, "1": {"precision": 0.9569916027747353, "recall": 0.35138613330473484, "f1-score": 0.5140313376345773, "support": 37298.0}, "accuracy": 0.4326044647967945, "macro avg": {"precision": 0.5750268220678213, "recall": 0.6295114765629837, "f1-score": 0.4162147226446121, "support": 43675.0}, "weighted avg": {"precision": 0.845450015753877, "recall": 0.4326044647967945, "f1-score": 0.48546687037454256, "support": 43675.0}}, "classifier_params": {"learning_rate": 0.1, "n_estimators": 139, "colsample_bytree": 0.5, "max_depth": 6}, "vectorizer": "CountVectorizer(max_df=0.9,\n                preprocessor=<function pp_SnowballStemmer at 0x7f6761facf70>)", "vectorizer_params": {"ngram_range": [1, 1], "preprocessor": "<function pp_SnowballStemmer at 0x7f6761facf70>", "max_df": 0.9}, "num_oov_feats": 25942, "val_f1_macro_mean": 0.6109254318240422, "val_f1_weighted_mean": 0.7031205309677709, "drop_in_f1_macro_mean": 0.19471070917943012, "drop_in_f1_weighed_mean": 0.21765366059322838}, {"report": {"0": {"precision": 0.192746149148402, "recall": 0.8908577701113376, "f1-score": 0.3169228194471563, "support": 6377.0}, "1": {"precision": 0.9509893669459897, "recall": 0.36208375784224356, "f1-score": 0.5244762034214256, "support": 37298.0}, "accuracy": 0.4392902117916428, "macro avg": {"precision": 0.5718677580471958, "recall": 0.6264707639767906, "f1-score": 0.42069951143429096, "support": 43675.0}, "weighted avg": {"precision": 0.8402780446816458, "recall": 0.4392902117916428, "f1-score": 0.4941712708603743, "support": 43675.0}}, "classifier_params": {"learning_rate": 0.001, "n_estimators": 500, "colsample_bytree": 0.5, "max_depth": 12}, "vectorizer": "CountVectorizer(max_df=0.5, ngram_range=(1, 3),\n                preprocessor=<function pp_SnowballStemmer at 0x7f6761facf70>)", "vectorizer_params": {"ngram_range": [1, 3], "preprocessor": "<function pp_SnowballStemmer at 0x7f6761facf70>", "max_df": 0.5}, "num_oov_feats": 951329, "val_f1_macro_mean": 0.6109002991505944, "val_f1_weighted_mean": 0.7098704510895849, "drop_in_f1_macro_mean": 0.19020078771630344, "drop_in_f1_weighed_mean": 0.21569918022921059}, {"report": {"0": {"precision": 0.1934682643573994, "recall": 0.903873294652658, "f1-score": 0.31871716892452306, "support": 6377.0}, "1": {"precision": 0.9558420976804495, "recall": 0.3557563408225642, "f1-score": 0.5185228604923798, "support": 37298.0}, "accuracy": 0.43578706353749286, "macro avg": {"precision": 0.5746551810189244, "recall": 0.629814817737611,