{
    "meta": {
        "name": "exp1_xgb_results.json",
        "description": ""
    },
    "results": [
        {
            "report": {
                "0": {
                    "precision": 0.9370338672209316,
                    "recall": 0.36045527231680935,
                    "f1-score": 0.5206344893176182,
                    "support": 21262.0
                },
                "1": {
                    "precision": 0.05101542326749948,
                    "recall": 0.586677367576244,
                    "f1-score": 0.09386837881219903,
                    "support": 1246.0
                },
                "accuracy": 0.3729784965345655,
                "macro avg": {
                    "precision": 0.4940246452442156,
                    "recall": 0.47356631994652665,
                    "f1-score": 0.3072514340649086,
                    "support": 22508.0
                },
                "weighted avg": {
                    "precision": 0.8879855741177695,
                    "recall": 0.3729784965345655,
                    "f1-score": 0.49700953047232976,
                    "support": 22508.0
                }
            },
            "classifier_params": {
                "learning_rate": 0.1,
                "n_estimators": 500,
                "colsample_bytree": 0.9,
                "max_depth": 12
            },
            "vectorizer_params": {
                "ngram_range": [
                    1,
                    3
                ],
                "preprocessor": "<function pp_SnowballStemmer at 0x7f92f24064c0>",
                "max_df": 0.5
            },
            "val_f1_macro_mean": 0.7365185008280563,
            "val_f1_weighted_mean": 0.8426814907346566,
            "drop_in_f1_macro_mean": 0.42926706676314763,
            "drop_in_f1_weighed_mean": 0.3456719602623268
        },
        {
            "report": {
                "0": {
                    "precision": 0.9370338672209316,
                    "recall": 0.36045527231680935,
                    "f1-score": 0.5206344893176182,
                    "support": 21262.0
                },
                "1": {
                    "precision": 0.05101542326749948,
                    "recall": 0.586677367576244,
                    "f1-score": 0.09386837881219903,
                    "support": 1246.0
                },
                "accuracy": 0.3729784965345655,
                "macro avg": {
                    "precision": 0.4940246452442156,
                    "recall": 0.47356631994652665,
                    "f1-score": 0.3072514340649086,
                    "support": 22508.0
                },
                "weighted avg": {
                    "precision": 0.8879855741177695,
                    "recall": 0.3729784965345655,
                    "f1-score": 0.49700953047232976,
                    "support": 22508.0
                }
            },
            "classifier_params": {
                "learning_rate": 0.1,
                "n_estimators": 500,
                "colsample_bytree": 0.9,
                "max_depth": 12
            },
            "vectorizer_params": {
                "ngram_range": [
                    1,
                    3
                ],
                "preprocessor": "<function pp_SnowballStemmer at 0x7f92f24064c0>",
                "max_df": 0.9
            },
            "val_f1_macro_mean": 0.7365185008280563,
            "val_f1_weighted_mean": 0.8426814907346566,
            "drop_in_f1_macro_mean": 0.42926706676314763,
            "drop_in_f1_weighed_mean": 0.3456719602623268
        },
        {
            "report": {
                "0": {
                    "precision": 0.9378114842903575,
                    "recall": 0.40711127833693916,
                    "f1-score": 0.5677554768463859,
                    "support": 21262.0
                },
                "1": {
                    "precision": 0.05061003163126977,
                    "recall": 0.5393258426966292,
                    "f1-score": 0.09253649132470394,
                    "support": 1246.0
                },
                "accuracy": 0.414430424737871,
                "macro avg": {
                    "precision": 0.49421075796081365,
                    "recall": 0.4732185605167842,
                    "f1-score": 0.33014598408554496,
                    "support": 22508.0
                },
                "weighted avg": {
                    "precision": 0.8886977020790006,
                    "recall": 0.414430424737871,
                    "f1-score": 0.5414482591477892,
                    "support": 22508.0
                }
            },
            "classifier_params": {
                "learning_rate": 0.1,
                "n_estimators": 500,
                "colsample_bytree": 0.5,
                "max_depth": 12
            },
            "vectorizer_params": {
                "ngram_range": [
                    1,
                    1
                ],
                "preprocessor": null,
                "max_df": 0.9
            },
            "val_f1_macro_mean": 0.7361874040415385,
            "val_f1_weighted_mean": 0.8405955327455631,
            "drop_in_f1_macro_mean": 0.4060414199559935,
            "drop_in_f1_weighed_mean": 0.29914727359777393
        },
        {
            "report": {
                "0": {
                    "precision": 0.9378114842903575,
                    "recall": 0.40711127833693916,
                    "f1-score": 0.5677554768463859,
                    "support": 21262.0
                },
                "1": {
                    "precision": 0.05061003163126977,
                    "recall": 0.5393258426966292,
                    "f1-score": 0.09253649132470394,
                    "support": 1246.0
                },
                "accuracy": 0.414430424737871,
                "macro avg": {
                    "precision": 0.49421075796081365,
                    "recall": 0.4732185605167842,
                    "f1-score": 0.33014598408554496,
                    "support": 22508.0
                },
                "weighted avg": {
                    "precision": 0.8886977020790006,
                    "recall": 0.414430424737871,
                    "f1-score": 0.5414482591477892,
                    "support": 22508.0
                }
            },
            "classifier_params": {
                "learning_rate": 0.1,
                "n_estimators": 500,
                "colsample_bytree": 0.5,
                "max_depth": 12
            },
            "vectorizer_params": {
                "ngram_range": [
                    1,
                    1
                ],
                "preprocessor": null,
                "max_df": 0.5
            },
            "val_f1_macro_mean": 0.7361874040415385,
            "val_f1_weighted_mean": 0.8405955327455631,
            "drop_in_f1_macro_mean": 0.4060414199559935,
            "drop_in_f1_weighed_mean": 0.29914727359777393
        },
        {
            "report": {
                "0": {
                    "precision": 0.9357399826324277,
                    "recall": 0.35476436835669267,
                    "f1-score": 0.5144766906523889,
                    "support": 21262.0
                },
                "1": {
                    "precision": 0.05039108465425348,
                    "recall": 0.5842696629213483,
                    "f1-score": 0.092780220480469,
                    "support": 1246.0
                },
                "accuracy": 0.3674693442331615,
                "macro avg": {
                    "precision": 0.4930655336433406,
                    "recall": 0.4695170156390205,
                    "f1-score": 0.3036284555664289,