{"meta": {"name": "exp1_catb_results.json", "description": ""}, "results": [{"report": {"0": {"precision": 0.9349391165229758, "recall": 0.4947323864170821, "f1-score": 0.6470642512225879, "support": 21262.0}, "1": {"precision": 0.04566047792484676, "recall": 0.41252006420545745, "f1-score": 0.08222026713588738, "support": 1246.0}, "accuracy": 0.4901812688821752, "macro avg": {"precision": 0.49029979722391126, "recall": 0.4536262253112698, "f1-score": 0.36464225917923765, "support": 22508.0}, "weighted avg": {"precision": 0.8857103452552813, "recall": 0.4901812688821752, "f1-score": 0.6157955643480532, "support": 22508.0}}, "classifier_params": {"learning_rate": 0.1, "n_estimators": 173, "rsm": 1, "depth": 10}, "vectorizer": "CountVectorizer", "vectorizer_params": {"ngram_range": [1, 3], "preprocessor": null, "max_df": 0.5}, "val_f1_macro_mean": 0.7270263081559752, "val_f1_weighted_mean": 0.8293618247450545, "drop_in_f1_macro_mean": 0.3623840489767376, "drop_in_f1_weighed_mean": 0.21356626039700133}, {"report": {"0": {"precision": 0.9349391165229758, "recall": 0.4947323864170821, "f1-score": 0.6470642512225879, "support": 21262.0}, "1": {"precision": 0.04566047792484676, "recall": 0.41252006420545745, "f1-score": 0.08222026713588738, "support": 1246.0}, "accuracy": 0.4901812688821752, "macro avg": {"precision": 0.49029979722391126, "recall": 0.4536262253112698, "f1-score": 0.36464225917923765, "support": 22508.0}, "weighted avg": {"precision": 0.8857103452552813, "recall": 0.4901812688821752, "f1-score": 0.6157955643480532, "support": 22508.0}}, "classifier_params": {"learning_rate": 0.1, "n_estimators": 173, "rsm": 1, "depth": 10}, "vectorizer": "CountVectorizer", "vectorizer_params": {"ngram_range": [1, 3], "preprocessor": null, "max_df": 0.9}, "val_f1_macro_mean": 0.7270263081559752, "val_f1_weighted_mean": 0.8293618247450545, "drop_in_f1_macro_mean": 0.3623840489767376, "drop_in_f1_weighed_mean": 0.21356626039700133}, {"report": {"0": {"precision": 0.9344320712694878, "recall": 0.49332141849308625, "f1-score": 0.6457352171637886, "support": 21262.0}, "1": {"precision": 0.0452007444828503, "recall": 0.40930979133226325, "f1-score": 0.0814111261872456, "support": 1246.0}, "accuracy": 0.48867069486404835, "macro avg": {"precision": 0.48981640787616904, "recall": 0.45131560491267475, "f1-score": 0.36357317167551706, "support": 22508.0}, "weighted avg": {"precision": 0.8852059190935437, "recall": 0.48867069486404835, "f1-score": 0.6144953105813835, "support": 22508.0}}, "classifier_params": {"learning_rate": 0.1, "n_estimators": 159, "rsm": 0.75, "depth": 10}, "vectorizer": "CountVectorizer", "vectorizer_params": {"ngram_range": [1, 1], "preprocessor": null, "max_df": 0.9}, "val_f1_macro_mean": 0.7264063528154514, "val_f1_weighted_mean": 0.8292718185260052, "drop_in_f1_macro_mean": 0.36283318113993435, "drop_in_f1_weighed_mean": 0.21477650794462166}, {"report": {"0": {"precision": 0.9344320712694878, "recall": 0.49332141849308625, "f1-score": 0.6457352171637886, "support": 21262.0}, "1": {"precision": 0.0452007444828503, "recall": 0.40930979133226325, "f1-score": 0.0814111261872456, "support": 1246.0}, "accuracy": 0.48867069486404835, "macro avg": {"precision": 0.48981640787616904, "recall": 0.45131560491267475, "f1-score": 0.36357317167551706, "support": 22508.0}, "weighted avg": {"precision": 0.8852059190935437, "recall": 0.48867069486404835, "f1-score": 0.6144953105813835, "support": 22508.0}}, "classifier_params": {"learning_rate": 0.1, "n_estimators": 159, "rsm": 0.75, "depth": 10}, "vectorizer": "CountVectorizer", "vectorizer_params": {"ngram_range": [1, 1], "preprocessor": null, "max_df": 0.5}, "val_f1_macro_mean": 0.7264063528154514, "val_f1_weighted_mean": 0.8292718185260052, "drop_in_f1_macro_mean": 0.36283318113993435, "drop_in_f1_weighed_mean": 0.21477650794462166}, {"report": {"0": {"precision": 0.937206950445895, "recall": 0.47944690057379363, "f1-score": 0.6343694576682535, "support": 21262.0}, "1": {"precision": 0.04840512423695297, "recall": 0.4518459069020867, "f1-score": 0.08744272734332531, "support": 1246.0}, "accuracy": 0.47791896214679225, "macro avg": {"precision": 0.492806037341424, "recall": 0.4656464037379402, "f1-score": 0.3609060925057894, "support": 22508.0}, "weighted avg": {"precision": 0.8880045746036904, "recall": 0.47791896214679225, "f1-score": 0.6040926358278029, "support": 22508.0}}, "classifier_params": {"learning_rate": 0.1, "n_estimators": 153, "rsm": 1, "depth": 10}, "vectorizer": "CountVectorizer", "vectorizer_params": {"ngram_range": [1, 1], "preprocessor": "SnowballStemmer", "max_df": 0.9}, "val_f1_macro_mean": 0.7263351087403892, "val_f1_weighted_mean": 0.829885716391466, "drop_in_f1_macro_mean": 0.3654290162345998, "drop_in_f1_weighed_mean": 0.2257930805636631}, {"report": {"0": {"precision": 0.937206950445895, "recall": 0.47944690057379363, "f1-score": 0.6343694576682535, "support": 21262.0}, "1": {"precision": 0.04840512423695297, "recall": 0.4518459069020867, "f1-score": 0.08744272734332531, "support": 1246.0}, "accuracy": 0.47791896214679225, "macro avg": {"precision": 0.492806037341424, "recall": 0.4656464037379402, "f1-score": 0.3609060925057894, "support": 22508.0}, "weighted avg": {"precision": 0.8880045746036904, "recall": 0.47791896214679225, "f1-score": 0.6040926358278029, "support": 22508.0}}, "classifier_params": {"learning_rate": 0.1, "n_estimators": 153, "rsm": 1, "depth": 10}, "vectorizer": "CountVectorizer", "vectorizer_params": {"ngram_range": [1, 1], "preprocessor": "SnowballStemmer", "max_df": 0.5}, "val_f1_macro_mean": 0.7263351087403892, "val_f1_weighted_mean": 0.829885716391466, "drop_in_f1_macro_mean": 0.3654290162345998, "drop_in_f1_weighed_mean": 0.2257930805636631}, {"report": {"0": {"precision": 0.9353287012292891, "recall": 0.4938387733985514, "f1-score": 0.6463925141590742, "support": 21262.0}, "1": {"precision": 0.046091118595993616, "recall": 0.4173354735152488, "f1-score": 0.08301404853128991, "support": 1246.0}, "accuracy": 0.4896036964634797, "macro avg": {"precision": 0.49070990991264135, "recall": 0.4555871234569001, "f1-score": 0.36470328134518204, "support": 22508.0}, "weighted avg": {"precision": 0.8861022027415921, "recall": 0.4896036964634797, "f1-score": 0.6152049555944652, "support": 22508.0}}, "classifier_params": {"learning_rate": 0.1, "n_estimators": 184, "rsm": 0.75, "depth": 10}, "vectorizer": "CountVectorizer", "vectorizer_params": {"ngram_range": [1, 3], "preprocessor": null, "max_df": 0.9}, "val_f1_macro_mean": 0.7260696104071888, "val_f1_weighted_mean": 0.8285080607542429, "drop_in_f1_macro_mean": 0.3613663290620067, "drop_in_f1_weighed_mean": 0.21330310515977768}, {"report": {"0": {"precision": 0.9353287012292891, "recall": 0.4938387733985514, "f1-score": 0.6463925141590742, "support": 21262.0}, "1": {"precision": 0.046091118595993616, "recall": 0.4173354735152488, "f1-score": 0.08301404853128991, "support": 1246.0}, "accuracy": 0.4896036964634797, "macro avg": {"precision": 0.49070990991264135, "recall": 0.4555871234569001, "f1-score": 0.36470328134518204, "support": 22508.0}, "weighted avg": {"precision": 0.8861022027415921, "recall": 0.4896036964634797, "f1-score": 0.6152049555944652, "support": 22508.0}}, "classifier_params": {"learning_rate": 0.1, "n_estimators": 184, "rsm": 0.75, "depth": 10}, "vectorizer": "CountVectorizer", "vectorizer_params": {"ngram_range": [1, 3], "preprocessor": null, "max_df": 0.5}, "val_f1_macro_mean": 0.7260696104071888, "val_f1_weighted_mean": 0.8285080607542429, "drop_in_f1_macro_mean": 0.3613663290620067, "drop_in_f1_weighed_mean": 0.21330310515977768}, {"report": {"0": {"precision": 0.931438127090301, "recall": 0.4715454801994168, "f1-score": 0.6261162805220758, "support": 21262.0}, "1": {"precision": 0.043256130790190736, "recall": 0.40770465489566615, "f1-score": 0.07821401077752117, "support": 1246.0}, "accuracy": 0.46801137373378354, "macro avg": {"precision": 0.4873471289402459, "recall": 0.4396250675475415,