{"meta": {"name": "exp3_xgb_results.json", "description": ""}, "results": [{"report": {"0": {"precision": 0.17339534362480039, "recall": 0.9705190528461659, "f1-score": 0.2942239125267411, "support": 6377.0}, "1": {"precision": 0.9764470057629667, "recall": 0.20896562818381684, "f1-score": 0.34425795053003533, "support": 37298.0}, "accuracy": 0.3201602747567258, "macro avg": {"precision": 0.5749211746938836, "recall": 0.5897423405149914, "f1-score": 0.3192409315283882, "support": 43675.0}, "weighted avg": {"precision": 0.8591931889465938, "recall": 0.3201602747567258, "f1-score": 0.33695246546198704, "support": 43675.0}}, "classifier_params": {"learning_rate": 0.1, "n_estimators": 500, "colsample_bytree": 0.5, "max_depth": 12}, "vectorizer_params": {"ngram_range": [1, 3], "preprocessor": "<function pp_SnowballStemmer at 0x7f69770414c0>", "max_df": 0.9}, "val_f1_macro_mean": 0.6228529633243666, "val_f1_weighted_mean": 0.9341400585361656, "drop_in_f1_macro_mean": 0.30361203179597834, "drop_in_f1_weighed_mean": 0.5971875930741786}, {"report": {"0": {"precision": 0.17339534362480039, "recall": 0.9705190528461659, "f1-score": 0.2942239125267411, "support": 6377.0}, "1": {"precision": 0.9764470057629667, "recall": 0.20896562818381684, "f1-score": 0.34425795053003533, "support": 37298.0}, "accuracy": 0.3201602747567258, "macro avg": {"precision": 0.5749211746938836, "recall": 0.5897423405149914, "f1-score": 0.3192409315283882, "support": 43675.0}, "weighted avg": {"precision": 0.8591931889465938, "recall": 0.3201602747567258, "f1-score": 0.33695246546198704, "support": 43675.0}}, "classifier_params": {"learning_rate": 0.1, "n_estimators": 500, "colsample_bytree": 0.5, "max_depth": 12}, "vectorizer_params": {"ngram_range": [1, 3], "preprocessor": "<function pp_SnowballStemmer at 0x7f69770414c0>", "max_df": 0.5}, "val_f1_macro_mean": 0.6228529633243666, "val_f1_weighted_mean": 0.9341400585361656, "drop_in_f1_macro_mean": 0.30361203179597834, "drop_in_f1_weighed_mean": 0.5971875930741786}, {"report": {"0": {"precision": 0.174225020562126, "recall": 0.963305629606398, "f1-score": 0.29508117974829473, "support": 6377.0}, "1": {"precision": 0.9721958174904943, "recall": 0.21936833074159473, "f1-score": 0.357964737279608, "support": 37298.0}, "accuracy": 0.3279908414424728, "macro avg": {"precision": 0.5732104190263102, "recall": 0.5913369801739964, "f1-score": 0.32652295851395136, "support": 43675.0}, "weighted avg": {"precision": 0.8556838593448227, "recall": 0.3279908414424728, "f1-score": 0.3487830899670222, "support": 43675.0}}, "classifier_params": {"learning_rate": 0.1, "n_estimators": 500, "colsample_bytree": 0.9, "max_depth": 12}, "vectorizer_params": {"ngram_range": [1, 3], "preprocessor": "<function pp_SnowballStemmer at 0x7f69770414c0>", "max_df": 0.9}, "val_f1_macro_mean": 0.62010419898185, "val_f1_weighted_mean": 0.9334207252304233, "drop_in_f1_macro_mean": 0.29358124046789863, "drop_in_f1_weighed_mean": 0.5846376352634011}, {"report": {"0": {"precision": 0.174225020562126, "recall": 0.963305629606398, "f1-score": 0.29508117974829473, "support": 6377.0}, "1": {"precision": 0.9721958174904943, "recall": 0.21936833074159473, "f1-score": 0.357964737279608, "support": 37298.0}, "accuracy": 0.3279908414424728, "macro avg": {"precision": 0.5732104190263102, "recall": 0.5913369801739964, "f1-score": 0.32652295851395136, "support": 43675.0}, "weighted avg": {"precision": 0.8556838593448227, "recall": 0.3279908414424728, "f1-score": 0.3487830899670222, "support": 43675.0}}, "classifier_params": {"learning_rate": 0.1, "n_estimators": 500, "colsample_bytree": 0.9, "max_depth": 12}, "vectorizer_params": {"ngram_range": [1, 3], "preprocessor": "<function pp_SnowballStemmer at 0x7f69770414c0>", "max_df": 0.5}, "val_f1_macro_mean": 0.62010419898185, "val_f1_weighted_mean": 0.9334207252304233, "drop_in_f1_macro_mean": 0.29358124046789863, "drop_in_f1_weighed_mean": 0.5846376352634011}, {"report": {"0": {"precision": 0.17223925086471134, "recall": 0.960482985729967, "f1-score": 0.29209785874385996, "support": 6377.0}, "1": {"precision": 0.9689425684002958, "recall": 0.2107887822403346, "f1-score": 0.34625209195807277, "support": 37298.0}, "accuracy": 0.3202518603319977, "macro avg": {"precision": 0.5705909096325036, "recall": 0.5856358839851508, "f1-score": 0.3191749753509664, "support": 43675.0}, "weighted avg": {"precision": 0.852615675305289, "recall": 0.3202518603319977, "f1-score": 0.3383450159373049, "support": 43675.0}}, "classifier_params": {"learning_rate": 0.1, "n_estimators": 500, "colsample_bytree": 0.9, "max_depth": 12}, "vectorizer_params": {"ngram_range": [1, 1], "preprocessor": "<function pp_SnowballStemmer at 0x7f69770414c0>", "max_df": 0.9}, "val_f1_macro_mean": 0.6166259020615047, "val_f1_weighted_mean": 0.9329267017342865, "drop_in_f1_macro_mean": 0.2974509267105383, "drop_in_f1_weighed_mean": 0.5945816857969816}, {"report": {"0": {"precision": 0.17223925086471134, "recall": 0.960482985729967, "f1-score": 0.29209785874385996, "support": 6377.0}, "1": {"precision": 0.9689425684002958, "recall": 0.2107887822403346, "f1-score": 0.34625209195807277, "support": 37298.0}, "accuracy": 0.3202518603319977, "macro avg": {"precision": 0.5705909096325036, "recall": 0.5856358839851508, "f1-score": 0.3191749753509664, "support": 43675.0}, "weighted avg": {"precision": 0.852615675305289, "recall": 0.3202518603319977, "f1-score": 0.3383450159373049, "support": 43675.0}}, "classifier_params": {"learning_rate": 0.1, "n_estimators": 500, "colsample_bytree": 0.9, "max_depth": 12}, "vectorizer_params": {"ngram_range": [1, 1], "preprocessor": "<function pp_SnowballStemmer at 0x7f69770414c0>", "max_df": 0.5}, "val_f1_macro_mean": 0.6166259020615047, "val_f1_weighted_mean": 0.9329267017342865, "drop_in_f1_macro_mean": 0.2974509267105383, "drop_in_f1_weighed_mean": 0.5945816857969816}, {"report": {"0": {"precision": 0.15467911782237234, "recall": 0.9766347812450996, "f1-score": 0.2670611693574323, "support": 6377.0}, "1": {"precision": 0.9563177953679273, "recall": 0.08745777253472035, "f1-score": 0.1602594020978162, "support": 37298.0}, "accuracy": 0.21728677733257012, "macro avg": {"precision": 0.5554984565951498, "recall": 0.53204627688991, "f1-score": 0.21366028572762424, "support": 43675.0}, "weighted avg": {"precision": 0.839270288860589, "recall": 0.21728677733257012, "f1-score": 0.17585356053661577, "support": 43675.0}}, "classifier_params": {"learning_rate": 0.1, "n_estimators": 500, "colsample_bytree": 0.9, "max_depth": 12}, "vectorizer_params": {"ngram_range": [1, 3], "preprocessor": "<function pp_SnowballStemmer at 0x7f69770414c0>", "max_df": 0.9}, "val_f1_macro_mean": 0.613556860274198, "val_f1_weighted_mean": 0.9324778840699602, "drop_in_f1_macro_mean": 0.39989657454657374, "drop_in_f1_weighed_mean": 0.7566243235333445}, {"report": {"0": {"precision": 0.15467911782237234, "recall": 0.9766347812450996, "f1-score": 0.2670611693574323, "support": 6377.0}, "1": {"precision": 0.9563177953679273, "recall": 0.08745777253472035, "f1-score": 0.1602594020978162, "support": 37298.0}, "accuracy": 0.21728677733257012, "macro avg": {"precision": 0.5554984565951498, "recall": 0.53204627688991, "f1-score": 0.21366028572762424, "support": 43675.0}, "weighted avg": {"precision": 0.839270288860589, "recall": 0.21728677733257012, "f1-score": 0.17585356053661577, "support": 43675.0}}, "classifier_params": {"learning_rate": 0.1, "n_estimators": 500, "colsample_bytree": 0.9, "max_depth": 12}, "vectorizer_params": {"ngram_range": [1, 3], "preprocessor": "<function pp_SnowballStemmer at 0x7f69770414c0>", "max_df": 0.5}, "val_f1_macro_mean": 0.613556860274198, "val_f1_weighted_mean": 0.9324778840699602, "drop_in_f1_macro_mean": 0.39989657454657374, "drop_in_f1_weighed_mean": 0.7566243235333445}, {"report": {"0": {"precision": 0.1686538935942768, "recall": 0.964873765093304, "f1-score": 0.28712085860942604, "support": 6377.0}, "1": {"precision": 0.9688542825361512,