{"meta": {"name": "exp3_catb_results.json", "description": ""}, "results": [{"report": {"0": {"precision": 0.2018559612668953, "recall": 0.7845381840991061, "f1-score": 0.321096206918683, "support": 6377.0}, "1": {"precision": 0.9272631021704606, "recall": 0.4696230360877259, "f1-score": 0.623478322773546, "support": 37298.0}, "accuracy": 0.515603892386949, "macro avg": {"precision": 0.564559531718678, "recall": 0.627080610093416, "f1-score": 0.4722872648461145, "support": 43675.0}, "weighted avg": {"precision": 0.8213461854551307, "recall": 0.515603892386949, "f1-score": 0.5793274183017323, "support": 43675.0}}, "classifier_params": {"learning_rate": 0.1, "n_estimators": 146, "rsm": 1, "depth": 10}, "vectorizer": "CountVectorizer", "vectorizer_params": {"ngram_range": [1, 1], "preprocessor": null, "max_df": 0.9}, "val_f1_macro_mean": 0.6476674500638054, "val_f1_weighted_mean": 0.8979123132654475, "drop_in_f1_macro_mean": 0.17538018521769094, "drop_in_f1_weighed_mean": 0.3185848949637152}, {"report": {"0": {"precision": 0.2018559612668953, "recall": 0.7845381840991061, "f1-score": 0.321096206918683, "support": 6377.0}, "1": {"precision": 0.9272631021704606, "recall": 0.4696230360877259, "f1-score": 0.623478322773546, "support": 37298.0}, "accuracy": 0.515603892386949, "macro avg": {"precision": 0.564559531718678, "recall": 0.627080610093416, "f1-score": 0.4722872648461145, "support": 43675.0}, "weighted avg": {"precision": 0.8213461854551307, "recall": 0.515603892386949, "f1-score": 0.5793274183017323, "support": 43675.0}}, "classifier_params": {"learning_rate": 0.1, "n_estimators": 146, "rsm": 1, "depth": 10}, "vectorizer": "CountVectorizer", "vectorizer_params": {"ngram_range": [1, 1], "preprocessor": null, "max_df": 0.5}, "val_f1_macro_mean": 0.6476674500638054, "val_f1_weighted_mean": 0.8979123132654475, "drop_in_f1_macro_mean": 0.17538018521769094, "drop_in_f1_weighed_mean": 0.3185848949637152}, {"report": {"0": {"precision": 0.20239614640372186, "recall": 0.7708954053630234, "f1-score": 0.3206156655579469, "support": 6377.0}, "1": {"precision": 0.9246363354998453, "recall": 0.48058877151589896, "f1-score": 0.6324536024274927, "support": 37298.0}, "accuracy": 0.5229765311963366, "macro avg": {"precision": 0.5635162409517835, "recall": 0.6257420884394611, "f1-score": 0.4765346339927198, "support": 43675.0}, "weighted avg": {"precision": 0.819181826378701, "recall": 0.5229765311963366, "f1-score": 0.5869220506606445, "support": 43675.0}}, "classifier_params": {"learning_rate": 0.1, "n_estimators": 144, "rsm": 0.75, "depth": 10}, "vectorizer": "CountVectorizer", "vectorizer_params": {"ngram_range": [1, 1], "preprocessor": null, "max_df": 0.5}, "val_f1_macro_mean": 0.6462219447782177, "val_f1_weighted_mean": 0.8980777414888506, "drop_in_f1_macro_mean": 0.16968731078549792, "drop_in_f1_weighed_mean": 0.31115569082820604}, {"report": {"0": {"precision": 0.20239614640372186, "recall": 0.7708954053630234, "f1-score": 0.3206156655579469, "support": 6377.0}, "1": {"precision": 0.9246363354998453, "recall": 0.48058877151589896, "f1-score": 0.6324536024274927, "support": 37298.0}, "accuracy": 0.5229765311963366, "macro avg": {"precision": 0.5635162409517835, "recall": 0.6257420884394611, "f1-score": 0.4765346339927198, "support": 43675.0}, "weighted avg": {"precision": 0.819181826378701, "recall": 0.5229765311963366, "f1-score": 0.5869220506606445, "support": 43675.0}}, "classifier_params": {"learning_rate": 0.1, "n_estimators": 144, "rsm": 0.75, "depth": 10}, "vectorizer": "CountVectorizer", "vectorizer_params": {"ngram_range": [1, 1], "preprocessor": null, "max_df": 0.9}, "val_f1_macro_mean": 0.6462219447782177, "val_f1_weighted_mean": 0.8980777414888506, "drop_in_f1_macro_mean": 0.16968731078549792, "drop_in_f1_weighed_mean": 0.31115569082820604}, {"report": {"0": {"precision": 0.22517032711269094, "recall": 0.8344048925827191, "f1-score": 0.35463876299653424, "support": 6377.0}, "1": {"precision": 0.9473159050089802, "recall": 0.5090889591935225, "f1-score": 0.6622719821422343, "support": 37298.0}, "accuracy": 0.556588437321122, "macro avg": {"precision": 0.5862431160608356, "recall": 0.6717469258881208, "f1-score": 0.5084553725693842, "support": 43675.0}, "weighted avg": {"precision": 0.8418752100978266, "recall": 0.556588437321122, "f1-score": 0.6173543624858604, "support": 43675.0}}, "classifier_params": {"learning_rate": 0.1, "n_estimators": 153, "rsm": 1, "depth": 10}, "vectorizer": "CountVectorizer", "vectorizer_params": {"ngram_range": [1, 3], "preprocessor": "SnowballStemmer", "max_df": 0.5}, "val_f1_macro_mean": 0.6439984640567683, "val_f1_weighted_mean": 0.8940703203749218, "drop_in_f1_macro_mean": 0.13554309148738408, "drop_in_f1_weighed_mean": 0.27671595788906145}, {"report": {"0": {"precision": 0.22517032711269094, "recall": 0.8344048925827191, "f1-score": 0.35463876299653424, "support": 6377.0}, "1": {"precision": 0.9473159050089802, "recall": 0.5090889591935225, "f1-score": 0.6622719821422343, "support": 37298.0}, "accuracy": 0.556588437321122, "macro avg": {"precision": 0.5862431160608356, "recall": 0.6717469258881208, "f1-score": 0.5084553725693842, "support": 43675.0}, "weighted avg": {"precision": 0.8418752100978266, "recall": 0.556588437321122, "f1-score": 0.6173543624858604, "support": 43675.0}}, "classifier_params": {"learning_rate": 0.1, "n_estimators": 153, "rsm": 1, "depth": 10}, "vectorizer": "CountVectorizer", "vectorizer_params": {"ngram_range": [1, 3], "preprocessor": "SnowballStemmer", "max_df": 0.9}, "val_f1_macro_mean": 0.6439984640567683, "val_f1_weighted_mean": 0.8940703203749218, "drop_in_f1_macro_mean": 0.13554309148738408, "drop_in_f1_weighed_mean": 0.27671595788906145}, {"report": {"0": {"precision": 0.21990306100170298, "recall": 0.7897130312058962, "f1-score": 0.3440125691645604, "support": 6377.0}, "1": {"precision": 0.9354481563492828, "recall": 0.5210198938280873, "f1-score": 0.6692726270836203, "support": 37298.0}, "accuracy": 0.5602518603319977, "macro avg": {"precision": 0.5776756086754928, "recall": 0.6553664625169917, "f1-score": 0.5066425981240904, "support": 43675.0}, "weighted avg": {"precision": 0.8309711998975023, "recall": 0.5602518603319977, "f1-score": 0.621781307350367, "support": 43675.0}}, "classifier_params": {"learning_rate": 0.1, "n_estimators": 116, "rsm": 1, "depth": 10}, "vectorizer": "CountVectorizer", "vectorizer_params": {"ngram_range": [1, 1], "preprocessor": "SnowballStemmer", "max_df": 0.9}, "val_f1_macro_mean": 0.6439113166205214, "val_f1_weighted_mean": 0.8933315554851459, "drop_in_f1_macro_mean": 0.13726871849643096, "drop_in_f1_weighed_mean": 0.2715502481347789}, {"report": {"0": {"precision": 0.21990306100170298, "recall": 0.7897130312058962, "f1-score": 0.3440125691645604, "support": 6377.0}, "1": {"precision": 0.9354481563492828, "recall": 0.5210198938280873, "f1-score": 0.6692726270836203, "support": 37298.0}, "accuracy": 0.5602518603319977, "macro avg": {"precision": 0.5776756086754928, "recall": 0.6553664625169917, "f1-score": 0.5066425981240904, "support": 43675.0}, "weighted avg": {"precision": 0.8309711998975023, "recall": 0.5602518603319977, "f1-score": 0.621781307350367, "support": 43675.0}}, "classifier_params": {"learning_rate": 0.1, "n_estimators": 116, "rsm": 1, "depth": 10}, "vectorizer": "CountVectorizer", "vectorizer_params": {"ngram_range": [1, 1], "preprocessor": "SnowballStemmer", "max_df": 0.5}, "val_f1_macro_mean": 0.6439113166205214, "val_f1_weighted_mean": 0.8933315554851459, "drop_in_f1_macro_mean": 0.13726871849643096, "drop_in_f1_weighed_mean": 0.2715502481347789}, {"report": {"0": {"precision": 0.21011143210895583, "recall": 0.7983377763838796, "f1-score": 0.33266899728820204, "support": 6377.0}, "1": {"precision": 0.9338647467215222, "recall": 0.48686256635744546, "f1-score": 0.6400437058315563, "support": 37298.0}, "accuracy": 0.5323411562678878, "macro avg": {"precision": 0.571988089415239, "recall": 0.6426001713706625,