{"meta": {"name": "exp4_xgb_results.json", "description": ""}, "results": [{"report": {"0": {"precision": 0.7546057479734709, "recall": 0.4236657012825817, "f1-score": 0.5426603073661898, "support": 14502.0}, "1": {"precision": 0.2636772090564708, "recall": 0.5996794229613304, "f1-score": 0.3662954350752662, "support": 4991.0}, "accuracy": 0.46873236546452574, "macro avg": {"precision": 0.5091414785149708, "recall": 0.511672562121956, "f1-score": 0.45447787122072797, "support": 19493.0}, "weighted avg": {"precision": 0.6289080955990417, "recall": 0.46873236546452574, "f1-score": 0.4975037343602902, "support": 19493.0}}, "classifier_params": {"learning_rate": 0.1, "n_estimators": 500, "colsample_bytree": 0.5, "max_depth": 12}, "vectorizer": "CountVectorizer", "vectorizer_params": {"ngram_range": [1, 3], "preprocessor": "SnowballStemmer", "max_df": 0.9}, "val_f1_macro_mean": 0.6228529633243666, "val_f1_weighted_mean": 0.9341400585361656, "drop_in_f1_macro_mean": 0.1683750921036386, "drop_in_f1_weighed_mean": 0.43663632417587533}, {"report": {"0": {"precision": 0.7546057479734709, "recall": 0.4236657012825817, "f1-score": 0.5426603073661898, "support": 14502.0}, "1": {"precision": 0.2636772090564708, "recall": 0.5996794229613304, "f1-score": 0.3662954350752662, "support": 4991.0}, "accuracy": 0.46873236546452574, "macro avg": {"precision": 0.5091414785149708, "recall": 0.511672562121956, "f1-score": 0.45447787122072797, "support": 19493.0}, "weighted avg": {"precision": 0.6289080955990417, "recall": 0.46873236546452574, "f1-score": 0.4975037343602902, "support": 19493.0}}, "classifier_params": {"learning_rate": 0.1, "n_estimators": 500, "colsample_bytree": 0.5, "max_depth": 12}, "vectorizer": "CountVectorizer", "vectorizer_params": {"ngram_range": [1, 3], "preprocessor": "SnowballStemmer", "max_df": 0.5}, "val_f1_macro_mean": 0.6228529633243666, "val_f1_weighted_mean": 0.9341400585361656, "drop_in_f1_macro_mean": 0.1683750921036386, "drop_in_f1_weighed_mean": 0.43663632417587533}, {"report": {"0": {"precision": 0.7565185457216306, "recall": 0.4261481175010343, "f1-score": 0.5451898901680561, "support": 14502.0}, "1": {"precision": 0.2651006711409396, "recall": 0.6014826688038469, "f1-score": 0.3680049034630708, "support": 4991.0}, "accuracy": 0.4710408864720669, "macro avg": {"precision": 0.5108096084312851, "recall": 0.5138153931524406, "f1-score": 0.45659739681556344, "support": 19493.0}, "weighted avg": {"precision": 0.6306956035356033, "recall": 0.4710408864720669, "f1-score": 0.4998233345509329, "support": 19493.0}}, "classifier_params": {"learning_rate": 0.1, "n_estimators": 500, "colsample_bytree": 0.9, "max_depth": 12}, "vectorizer": "CountVectorizer", "vectorizer_params": {"ngram_range": [1, 3], "preprocessor": "SnowballStemmer", "max_df": 0.9}, "val_f1_macro_mean": 0.62010419898185, "val_f1_weighted_mean": 0.9334207252304233, "drop_in_f1_macro_mean": 0.16350680216628655, "drop_in_f1_weighed_mean": 0.4335973906794904}, {"report": {"0": {"precision": 0.7565185457216306, "recall": 0.4261481175010343, "f1-score": 0.5451898901680561, "support": 14502.0}, "1": {"precision": 0.2651006711409396, "recall": 0.6014826688038469, "f1-score": 0.3680049034630708, "support": 4991.0}, "accuracy": 0.4710408864720669, "macro avg": {"precision": 0.5108096084312851, "recall": 0.5138153931524406, "f1-score": 0.45659739681556344, "support": 19493.0}, "weighted avg": {"precision": 0.6306956035356033, "recall": 0.4710408864720669, "f1-score": 0.4998233345509329, "support": 19493.0}}, "classifier_params": {"learning_rate": 0.1, "n_estimators": 500, "colsample_bytree": 0.9, "max_depth": 12}, "vectorizer": "CountVectorizer", "vectorizer_params": {"ngram_range": [1, 3], "preprocessor": "SnowballStemmer", "max_df": 0.5}, "val_f1_macro_mean": 0.62010419898185, "val_f1_weighted_mean": 0.9334207252304233, "drop_in_f1_macro_mean": 0.16350680216628655, "drop_in_f1_weighed_mean": 0.4335973906794904}, {"report": {"0": {"precision": 0.7580401718332753, "recall": 0.4502137636188112, "f1-score": 0.5649145576465499, "support": 14502.0}, "1": {"precision": 0.2671875, "recall": 0.5824484071328391, "f1-score": 0.36632852372251273, "support": 4991.0}, "accuracy": 0.4840712050479659, "macro avg": {"precision": 0.5126138359166377, "recall": 0.5163310853758252, "f1-score": 0.4656215406845313, "support": 19493.0}, "weighted avg": {"precision": 0.632361944514757, "recall": 0.4840712050479659, "f1-score": 0.5140684644174487, "support": 19493.0}}, "classifier_params": {"learning_rate": 0.1, "n_estimators": 500, "colsample_bytree": 0.9, "max_depth": 12}, "vectorizer": "CountVectorizer", "vectorizer_params": {"ngram_range": [1, 1], "preprocessor": "SnowballStemmer", "max_df": 0.9}, "val_f1_macro_mean": 0.6166259020615047, "val_f1_weighted_mean": 0.9329267017342865, "drop_in_f1_macro_mean": 0.15100436137697337, "drop_in_f1_weighed_mean": 0.4188582373168378}, {"report": {"0": {"precision": 0.7580401718332753, "recall": 0.4502137636188112, "f1-score": 0.5649145576465499, "support": 14502.0}, "1": {"precision": 0.2671875, "recall": 0.5824484071328391, "f1-score": 0.36632852372251273, "support": 4991.0}, "accuracy": 0.4840712050479659, "macro avg": {"precision": 0.5126138359166377, "recall": 0.5163310853758252, "f1-score": 0.4656215406845313, "support": 19493.0}, "weighted avg": {"precision": 0.632361944514757, "recall": 0.4840712050479659, "f1-score": 0.5140684644174487, "support": 19493.0}}, "classifier_params": {"learning_rate": 0.1, "n_estimators": 500, "colsample_bytree": 0.9, "max_depth": 12}, "vectorizer": "CountVectorizer", "vectorizer_params": {"ngram_range": [1, 1], "preprocessor": "SnowballStemmer", "max_df": 0.5}, "val_f1_macro_mean": 0.6166259020615047, "val_f1_weighted_mean": 0.9329267017342865, "drop_in_f1_macro_mean": 0.15100436137697337, "drop_in_f1_weighed_mean": 0.4188582373168378}, {"report": {"0": {"precision": 0.7544404973357016, "recall": 0.7029375258585022, "f1-score": 0.7277789676590276, "support": 14502.0}, "1": {"precision": 0.279719110516636, "recall": 0.33520336605890605, "f1-score": 0.3049580751002552, "support": 4991.0}, "accuracy": 0.6087826399220233, "macro avg": {"precision": 0.5170798039261688, "recall": 0.5190704459587041, "f1-score": 0.5163685213796414, "support": 19493.0}, "weighted avg": {"precision": 0.6328925343944429, "recall": 0.6087826399220233, "f1-score": 0.6195196399639149, "support": 19493.0}}, "classifier_params": {"learning_rate": 0.1, "n_estimators": 351, "colsample_bytree": 0.9, "max_depth": 12}, "vectorizer": "TfidfVectorizer", "vectorizer_params": {"ngram_range": [1, 3], "preprocessor": "SnowballStemmer", "max_df": 0.9}, "val_f1_macro_mean": 0.613556860274198, "val_f1_weighted_mean": 0.9324778840699602, "drop_in_f1_macro_mean": 0.09718833889455658, "drop_in_f1_weighed_mean": 0.31295824410604534}, {"report": {"0": {"precision": 0.7544404973357016, "recall": 0.7029375258585022, "f1-score": 0.7277789676590276, "support": 14502.0}, "1": {"precision": 0.279719110516636, "recall": 0.33520336605890605, "f1-score": 0.3049580751002552, "support": 4991.0}, "accuracy": 0.6087826399220233, "macro avg": {"precision": 0.5170798039261688, "recall": 0.5190704459587041, "f1-score": 0.5163685213796414, "support": 19493.0}, "weighted avg": {"precision": 0.6328925343944429, "recall": 0.6087826399220233, "f1-score": 0.6195196399639149, "support": 19493.0}}, "classifier_params": {"learning_rate": 0.1, "n_estimators": 351, "colsample_bytree": 0.9, "max_depth": 12}, "vectorizer": "TfidfVectorizer", "vectorizer_params": {"ngram_range": [1, 3], "preprocessor": "SnowballStemmer", "max_df": 0.5}, "val_f1_macro_mean": 0.613556860274198, "val_f1_weighted_mean": 0.9324778840699602, "drop_in_f1_macro_mean": 0.09718833889455658, "drop_in_f1_weighed_mean": 0.31295824410604534}, {"report": {"0": {"precision": 0.7533349802371542, "recall": 0.42056268100951594, "f1-score": 0.5397822816178423, "support": 14502.0}, "1": {"precision": 0.2627007107133456, "recall": 0.5998797836104989,