{"meta": {"name": "exp5_catb_results.json", "description": ""}, "results": [{"report": {"0": {"precision": 0.199923454298737, "recall": 0.901050650776227, "f1-score": 0.32723959223190385, "support": 6377.0}, "1": {"precision": 0.9577474219900898, "recall": 0.383479006917261, "f1-score": 0.5476719252565477, "support": 37298.0}, "accuracy": 0.45904979965655407, "macro avg": {"precision": 0.5788354381444134, "recall": 0.6422648288467441, "f1-score": 0.4374557587442258, "support": 43675.0}, "weighted avg": {"precision": 0.8470973145609484, "recall": 0.45904979965655407, "f1-score": 0.5154865334374715, "support": 43675.0}}, "classifier_params": {"learning_rate": 0.1, "n_estimators": 148, "rsm": 0.75, "depth": 6}, "vectorizer": "CountVectorizer", "vectorizer_params": {"ngram_range": [1, 3], "preprocessor": null, "max_df": 0.5}, "val_f1_macro_mean": 0.6157078296020858, "val_f1_weighted_mean": 0.7088587481491223, "drop_in_f1_macro_mean": 0.17825207085786, "drop_in_f1_weighed_mean": 0.19337221471165078}, {"report": {"0": {"precision": 0.20616813012811286, "recall": 0.8983848204484868, "f1-score": 0.3353724571930338, "support": 6377.0}, "1": {"precision": 0.9592119342858941, "recall": 0.4085741862834468, "f1-score": 0.5730563128701701, "support": 37298.0}, "accuracy": 0.4800915855752719, "macro avg": {"precision": 0.5826900322070034, "recall": 0.6534795033659668, "f1-score": 0.45421438503160194, "support": 43675.0}, "weighted avg": {"precision": 0.849259779984482, "recall": 0.4800915855752719, "f1-score": 0.5383520209948846, "support": 43675.0}}, "classifier_params": {"learning_rate": 0.1, "n_estimators": 117, "rsm": 0.75, "depth": 6}, "vectorizer": "CountVectorizer", "vectorizer_params": {"ngram_range": [1, 3], "preprocessor": "SnowballStemmer", "max_df": 0.5}, "val_f1_macro_mean": 0.6138506092513133, "val_f1_weighted_mean": 0.7059076631859527, "drop_in_f1_macro_mean": 0.15963622421971135, "drop_in_f1_weighed_mean": 0.1675556421910681}, {"report": {"0": {"precision": 0.20136566332218506, "recall": 0.9063823114317077, "f1-score": 0.3295231036743536, "support": 6377.0}, "1": {"precision": 0.9601229042816111, "recall": 0.3853825942409781, "f1-score": 0.5500009565899482, "support": 37298.0}, "accuracy": 0.4614539210074413, "macro avg": {"precision": 0.580744283801898, "recall": 0.6458824528363429, "f1-score": 0.43976203013215087, "support": 43675.0}, "weighted avg": {"precision": 0.8493365293394642, "recall": 0.4614539210074413, "f1-score": 0.5178089183977845, "support": 43675.0}}, "classifier_params": {"learning_rate": 0.1, "n_estimators": 159, "rsm": 0.75, "depth": 6}, "vectorizer": "CountVectorizer", "vectorizer_params": {"ngram_range": [1, 1], "preprocessor": "SnowballStemmer", "max_df": 0.9}, "val_f1_macro_mean": 0.6134782558500212, "val_f1_weighted_mean": 0.7040333411832126, "drop_in_f1_macro_mean": 0.17371622571787038, "drop_in_f1_weighed_mean": 0.18622442278542806}, {"report": {"0": {"precision": 0.2037429505370164, "recall": 0.8894464481731221, "f1-score": 0.331540799625906, "support": 6377.0}, "1": {"precision": 0.9554811821166961, "recall": 0.40567858866427153, "f1-score": 0.5695411600858208, "support": 37298.0}, "accuracy": 0.47631368059530627, "macro avg": {"precision": 0.5796120663268562, "recall": 0.6475625184186968, "f1-score": 0.4505409798558634, "support": 43675.0}, "weighted avg": {"precision": 0.8457196548634937, "recall": 0.47631368059530627, "f1-score": 0.5347906552511814, "support": 43675.0}}, "classifier_params": {"learning_rate": 0.1, "n_estimators": 84, "rsm": 1, "depth": 6}, "vectorizer": "CountVectorizer", "vectorizer_params": {"ngram_range": [1, 1], "preprocessor": null, "max_df": 0.9}, "val_f1_macro_mean": 0.613365930776188, "val_f1_weighted_mean": 0.7049862102167682, "drop_in_f1_macro_mean": 0.16282495092032456, "drop_in_f1_weighed_mean": 0.1701955549655868}, {"report": {"0": {"precision": 0.20264725819686752, "recall": 0.890700956562647, "f1-score": 0.3301749694820671, "support": 6377.0}, "1": {"precision": 0.9554518726831139, "recall": 0.40079897045417984, "f1-score": 0.5647098821396193, "support": 37298.0}, "accuracy": 0.4723297080709788, "macro avg": {"precision": 0.5790495654399908, "recall": 0.6457499635084134, "f1-score": 0.44744242581084315, "support": 43675.0}, "weighted avg": {"precision": 0.8455346425382073, "recall": 0.4723297080709788, "f1-score": 0.5304653683899407, "support": 43675.0}}, "classifier_params": {"learning_rate": 0.1, "n_estimators": 174, "rsm": 0.75, "depth": 6}, "vectorizer": "CountVectorizer", "vectorizer_params": {"ngram_range": [1, 3], "preprocessor": "SnowballStemmer", "max_df": 0.9}, "val_f1_macro_mean": 0.6132985368567968, "val_f1_weighted_mean": 0.7053490766796174, "drop_in_f1_macro_mean": 0.16585611104595366, "drop_in_f1_weighed_mean": 0.1748837082896767}, {"report": {"0": {"precision": 0.20785800196814522, "recall": 0.8943076681825309, "f1-score": 0.33731590465487665, "support": 6377.0}, "1": {"precision": 0.9584924251755143, "recall": 0.41728779023003915, "f1-score": 0.5814405260011954, "support": 37298.0}, "accuracy": 0.48693760732684604, "macro avg": {"precision": 0.5831752135718298, "recall": 0.6557977292062851, "f1-score": 0.459378215328036, "support": 43675.0}, "weighted avg": {"precision": 0.8488920653176232, "recall": 0.48693760732684604, "f1-score": 0.545795815976571, "support": 43675.0}}, "classifier_params": {"learning_rate": 0.1, "n_estimators": 81, "rsm": 0.75, "depth": 6}, "vectorizer": "CountVectorizer", "vectorizer_params": {"ngram_range": [1, 1], "preprocessor": null, "max_df": 0.5}, "val_f1_macro_mean": 0.6131691525789034, "val_f1_weighted_mean": 0.7059733191297607, "drop_in_f1_macro_mean": 0.15379093725086734, "drop_in_f1_weighed_mean": 0.16017750315318968}, {"report": {"0": {"precision": 0.20350171202654524, "recall": 0.9040301082013485, "f1-score": 0.33221921281622774, "support": 6377.0}, "1": {"precision": 0.960119900951388, "recall": 0.3950345863048957, "f1-score": 0.5597598966643872, "support": 37298.0}, "accuracy": 0.46935317687464223, "macro avg": {"precision": 0.5818108064889667, "recall": 0.6495323472531221, "f1-score": 0.44598955474030744, "support": 43675.0}, "weighted avg": {"precision": 0.8496458496457504, "recall": 0.46935317687464223, "f1-score": 0.5265366123850578, "support": 43675.0}}, "classifier_params": {"learning_rate": 0.1, "n_estimators": 164, "rsm": 1, "depth": 6}, "vectorizer": "CountVectorizer", "vectorizer_params": {"ngram_range": [1, 1], "preprocessor": "SnowballStemmer", "max_df": 0.9}, "val_f1_macro_mean": 0.6125449564205678, "val_f1_weighted_mean": 0.7032424305059526, "drop_in_f1_macro_mean": 0.1665554016802604, "drop_in_f1_weighed_mean": 0.1767058181208948}, {"report": {"0": {"precision": 0.20837242872609166, "recall": 0.905441430139564, "f1-score": 0.33878018012732125, "support": 6377.0}, "1": {"precision": 0.962229877857814, "recall": 0.41187195023861867, "f1-score": 0.5768357020821208, "support": 37298.0}, "accuracy": 0.48393817973669145, "macro avg": {"precision": 0.5853011532919529, "recall": 0.6586566901890913, "f1-score": 0.457807941104721, "support": 43675.0}, "weighted avg": {"precision": 0.8521589230069156, "recall": 0.48393817973669145, "f1-score": 0.5420771431008785, "support": 43675.0}}, "classifier_params": {"learning_rate": 0.1, "n_estimators": 90, "rsm": 1, "depth": 6}, "vectorizer": "CountVectorizer", "vectorizer_params": {"ngram_range": [1, 1], "preprocessor": "SnowballStemmer", "max_df": 0.5}, "val_f1_macro_mean": 0.6124230544172496, "val_f1_weighted_mean": 0.70127073887784, "drop_in_f1_macro_mean": 0.15461511331252864, "drop_in_f1_weighed_mean": 0.15919359577696146}, {"report": {"0": {"precision": 0.20263345195729537, "recall": 0.8928963462443155, "f1-score": 0.3303071612959364, "support": 6377.0}, "1": {"precision": 0.9561476725521669, "recall": 0.3992707383773929, "f1-score": 0.5633120874548446, "support": 37298.0}, "accuracy": 0.47134516313680597, "macro avg": {"precision": 0.5793905622547312,