{"meta": {"name": "exp6_catb_results.json", "description": ""}, "results": [{"report": {"0": {"precision": 0.9514651258770119, "recall": 0.5421409086633431, "f1-score": 0.6907151631362914, "support": 21262.0}, "1": {"precision": 0.06331184451072837, "recall": 0.5280898876404494, "f1-score": 0.11306813300111694, "support": 1246.0}, "accuracy": 0.5413630709081215, "macro avg": {"precision": 0.5073884851938701, "recall": 0.5351153981518962, "f1-score": 0.4018916480687042, "support": 22508.0}, "weighted avg": {"precision": 0.9022986522417539, "recall": 0.5413630709081215, "f1-score": 0.6587377240236014, "support": 22508.0}}, "classifier_params": {"learning_rate": 0.1, "n_estimators": 1000, "rsm": 0.75, "depth": 6}, "vectorizer_params": {"ngram_range": [1, 3], "preprocessor": null, "max_df": 0.5}, "val_f1_macro_mean": 0.6157078296020858, "val_f1_weighted_mean": 0.7088587481491223, "drop_in_f1_macro_mean": 0.2138161815333816, "drop_in_f1_weighed_mean": 0.050121024125520885}, {"report": {"0": {"precision": 0.9599458728010826, "recall": 0.6672937635217759, "f1-score": 0.7873037012374452, "support": 21262.0}, "1": {"precision": 0.08462732919254658, "recall": 0.5248796147672552, "f1-score": 0.14575440160463563, "support": 1246.0}, "accuracy": 0.6594099875599787, "macro avg": {"precision": 0.5222866009968146, "recall": 0.5960866891445156, "f1-score": 0.4665290514210404, "support": 22508.0}, "weighted avg": {"precision": 0.9114899057966293, "recall": 0.6594099875599787, "f1-score": 0.7517887542256058, "support": 22508.0}}, "classifier_params": {"learning_rate": 0.1, "n_estimators": 1000, "rsm": 0.75, "depth": 6}, "vectorizer_params": {"ngram_range": [1, 3], "preprocessor": "<function pp_SnowballStemmer at 0x7fe5d53eef70>", "max_df": 0.5}, "val_f1_macro_mean": 0.6138506092513133, "val_f1_weighted_mean": 0.7059076631859527, "drop_in_f1_macro_mean": 0.1473215578302729, "drop_in_f1_weighed_mean": -0.0458810910396531}, {"report": {"0": {"precision": 0.9582831325301204, "recall": 0.5985325933590443, "f1-score": 0.7368421052631579, "support": 21262.0}, "1": {"precision": 0.07498916341569137, "recall": 0.5553772070626003, "f1-score": 0.1321367194958946, "support": 1246.0}, "accuracy": 0.5961435933890172, "macro avg": {"precision": 0.5166361479729059, "recall": 0.5769549002108223, "f1-score": 0.4344894123795262, "support": 22508.0}, "weighted avg": {"precision": 0.9093856611636473, "recall": 0.5961435933890172, "f1-score": 0.7033667671315598, "support": 22508.0}}, "classifier_params": {"learning_rate": 0.1, "n_estimators": 1000, "rsm": 0.75, "depth": 6}, "vectorizer_params": {"ngram_range": [1, 1], "preprocessor": "<function pp_SnowballStemmer at 0x7fe5d53eef70>", "max_df": 0.9}, "val_f1_macro_mean": 0.6134782558500212, "val_f1_weighted_mean": 0.7040333411832126, "drop_in_f1_macro_mean": 0.17898884347049504, "drop_in_f1_weighed_mean": 0.000666574051652824}, {"report": {"0": {"precision": 0.9582748948106592, "recall": 0.6426958893801148, "f1-score": 0.7693823545971511, "support": 21262.0}, "1": {"precision": 0.0789282250242483, "recall": 0.5224719101123596, "f1-score": 0.13713924583947756, "support": 1246.0}, "accuracy": 0.6360405189266038, "macro avg": {"precision": 0.5186015599174537, "recall": 0.5825838997462371, "f1-score": 0.45326080021831433, "support": 22508.0}, "weighted avg": {"precision": 0.9095959384149834, "recall": 0.6360405189266038, "f1-score": 0.7343825805829313, "support": 22508.0}}, "classifier_params": {"learning_rate": 0.1, "n_estimators": 1000, "rsm": 1, "depth": 6}, "vectorizer_params": {"ngram_range": [1, 1], "preprocessor": null, "max_df": 0.9}, "val_f1_macro_mean": 0.613365930776188, "val_f1_weighted_mean": 0.7049862102167682, "drop_in_f1_macro_mean": 0.16010513055787362, "drop_in_f1_weighed_mean": -0.02939637036616305}, {"report": {"0": {"precision": 0.955894507476144, "recall": 0.5983444643025115, "f1-score": 0.7359925949495242, "support": 21262.0}, "1": {"precision": 0.0716382215458202, "recall": 0.528892455858748, "f1-score": 0.12618477740545717, "support": 1246.0}, "accuracy": 0.5944997334281145, "macro avg": {"precision": 0.5137663645109821, "recall": 0.5636184600806298, "f1-score": 0.4310886861774907, "support": 22508.0}, "weighted avg": {"precision": 0.9069437640840531, "recall": 0.5944997334281145, "f1-score": 0.702234795915407, "support": 22508.0}}, "classifier_params": {"learning_rate": 0.1, "n_estimators": 1000, "rsm": 0.75, "depth": 6}, "vectorizer_params": {"ngram_range": [1, 3], "preprocessor": "<function pp_SnowballStemmer at 0x7fe5d53eef70>", "max_df": 0.9}, "val_f1_macro_mean": 0.6132985368567968, "val_f1_weighted_mean": 0.7053490766796174, "drop_in_f1_macro_mean": 0.18220985067930612, "drop_in_f1_weighed_mean": 0.0031142807642103865}, {"report": {"0": {"precision": 0.9494736842105264, "recall": 0.5302887781017778, "f1-score": 0.6805081932582914, "support": 21262.0}, "1": {"precision": 0.06075425561929841, "recall": 0.5184590690208668, "f1-score": 0.10876336391952185, "support": 1246.0}, "accuracy": 0.5296339079438422, "macro avg": {"precision": 0.5051139699149124, "recall": 0.5243739235613223, "f1-score": 0.39463577858890664, "support": 22508.0}, "weighted avg": {"precision": 0.9002758697434627, "recall": 0.5296339079438421, "f1-score": 0.6488574887374052, "support": 22508.0}}, "classifier_params": {"learning_rate": 0.1, "n_estimators": 1000, "rsm": 0.75, "depth": 6}, "vectorizer_params": {"ngram_range": [1, 1], "preprocessor": null, "max_df": 0.5}, "val_f1_macro_mean": 0.6131691525789034, "val_f1_weighted_mean": 0.7059733191297607, "drop_in_f1_macro_mean": 0.21853337398999673, "drop_in_f1_weighed_mean": 0.05711583039235546}, {"report": {"0": {"precision": 0.9584102829282707, "recall": 0.6101965948640767, "f1-score": 0.7456536107359407, "support": 21262.0}, "1": {"precision": 0.07613421023297291, "recall": 0.5481540930979133, "f1-score": 0.13369873739845356, "support": 1246.0}, "accuracy": 0.6067620401634974, "macro avg": {"precision": 0.5172722465806218, "recall": 0.579175343980995, "f1-score": 0.43967617406719717, "support": 22508.0}, "weighted avg": {"precision": 0.9095691603683658, "recall": 0.6067620401634974, "f1-score": 0.7117769547834567, "support": 22508.0}}, "classifier_params": {"learning_rate": 0.1, "n_estimators": 1000, "rsm": 1, "depth": 6}, "vectorizer_params": {"ngram_range": [1, 1], "preprocessor": "<function pp_SnowballStemmer at 0x7fe5d53eef70>", "max_df": 0.9}, "val_f1_macro_mean": 0.6125449564205678, "val_f1_weighted_mean": 0.7032424305059526, "drop_in_f1_macro_mean": 0.17286878235337066, "drop_in_f1_weighed_mean": -0.008534524277504119}, {"report": {"0": {"precision": 0.9584224789616317, "recall": 0.6320665976860126, "f1-score": 0.7617617050221064, "support": 21262.0}, "1": {"precision": 0.07812868253594155, "recall": 0.5321027287319422, "f1-score": 0.13625154130702835, "support": 1246.0}, "accuracy": 0.6265327883419228, "macro avg": {"precision": 0.5182755807487867, "recall": 0.5820846632089773, "f1-score": 0.44900662316456735, "support": 22508.0}, "weighted avg": {"precision": 0.9096910914395769, "recall": 0.6265327883419228, "f1-score": 0.7271346540185082, "support": 22508.0}}, "classifier_params": {"learning_rate": 0.1, "n_estimators": 1000, "rsm": 1, "depth": 6}, "vectorizer_params": {"ngram_range": [1, 1], "preprocessor": "<function pp_SnowballStemmer at 0x7fe5d53eef70>", "max_df": 0.5}, "val_f1_macro_mean": 0.6124230544172496, "val_f1_weighted_mean": 0.70127073887784, "drop_in_f1_macro_mean": 0.1634164312526823, "drop_in_f1_weighed_mean": -0.025863915140668214}, {"report": {"0": {"precision": 0.9529745042492918, "recall": 0.5537578779042424, "f1-score": 0.7004789243537496, "support": 21262.0}, "1": {"precision": 0.06549788239929084, "recall": 0.5337078651685393, "f1-score": 0.11667690148258619, "support": 1246.0}, "accuracy": 0.5526479473964813, "macro avg": {"precision": 0.5092361933242913, "recall": 0.5437328715363908, "f1-score": 0.4085779129181679, "support": 22508.0},