{"meta": {"name": "exp6_xgb_results.json", "description": ""}, "results": [{"report": {"0": {"precision": 0.9544165920620711, "recall": 0.6016837550559684, "f1-score": 0.7380718859978076, "support": 21262.0}, "1": {"precision": 0.06974956063268893, "recall": 0.5096308186195827, "f1-score": 0.12270531400966184, "support": 1246.0}, "accuracy": 0.5965878798649369, "macro avg": {"precision": 0.51208307634738, "recall": 0.5556572868377756, "f1-score": 0.4303886000037347, "support": 22508.0}, "weighted avg": {"precision": 0.9054431105816637, "recall": 0.5965878798649369, "f1-score": 0.7040063649076517, "support": 22508.0}}, "classifier_params": {"learning_rate": 0.001, "n_estimators": 500, "colsample_bytree": 0.5, "max_depth": 12}, "vectorizer": "CountVectorizer", "vectorizer_params": {"ngram_range": [1, 3], "preprocessor": null, "max_df": 0.5}, "val_f1_macro_mean": 0.6138518443134705, "val_f1_weighted_mean": 0.7134625147488983, "drop_in_f1_macro_mean": 0.18346324430973582, "drop_in_f1_weighed_mean": 0.009456149841246653}, {"report": {"0": {"precision": 0.9578354155350353, "recall": 0.6634841501269871, "f1-score": 0.7839399833287024, "support": 21262.0}, "1": {"precision": 0.08033419023136247, "recall": 0.5016051364365971, "f1-score": 0.13848881010414357, "support": 1246.0}, "accuracy": 0.6545228363248623, "macro avg": {"precision": 0.5190848028831989, "recall": 0.5825446432817921, "f1-score": 0.461214396716423, "support": 22508.0}, "weighted avg": {"precision": 0.909258619430167, "recall": 0.6545228363248623, "f1-score": 0.7482090360282848, "support": 22508.0}}, "classifier_params": {"learning_rate": 0.001, "n_estimators": 500, "colsample_bytree": 0.5, "max_depth": 12}, "vectorizer": "CountVectorizer", "vectorizer_params": {"ngram_range": [1, 3], "preprocessor": null, "max_df": 0.9}, "val_f1_macro_mean": 0.6136373039265725, "val_f1_weighted_mean": 0.7137156976596932, "drop_in_f1_macro_mean": 0.15242290721014945, "drop_in_f1_weighed_mean": -0.034493338368591586}, {"report": {"0": {"precision": 0.9621668724130419, "recall": 0.6231774997648387, "f1-score": 0.75642965204236, "support": 21262.0}, "1": {"precision": 0.08298042806455305, "recall": 0.5818619582664526, "f1-score": 0.1452469197635981, "support": 1246.0}, "accuracy": 0.6208903500977431, "macro avg": {"precision": 0.5225736502387974, "recall": 0.6025197290156457, "f1-score": 0.45083828590297903, "support": 22508.0}, "weighted avg": {"precision": 0.913496785792364, "recall": 0.6208903500977431, "f1-score": 0.7225957403478809, "support": 22508.0}}, "classifier_params": {"learning_rate": 0.1, "n_estimators": 240, "colsample_bytree": 0.5, "max_depth": 6}, "vectorizer": "CountVectorizer", "vectorizer_params": {"ngram_range": [1, 3], "preprocessor": "SnowballStemmer", "max_df": 0.5}, "val_f1_macro_mean": 0.6119565332851081, "val_f1_weighted_mean": 0.7043063659663132, "drop_in_f1_macro_mean": 0.1611182473821291, "drop_in_f1_weighed_mean": -0.018289374381567636}, {"report": {"0": {"precision": 0.9566580453013559, "recall": 0.5740758160097827, "f1-score": 0.717556803150995, "support": 21262.0}, "1": {"precision": 0.07108421376551441, "recall": 0.5561797752808989, "f1-score": 0.12605729877216917, "support": 1246.0}, "accuracy": 0.5730851252887862, "macro avg": {"precision": 0.5138711295334352, "recall": 0.5651277956453409, "f1-score": 0.4218070509615821, "support": 22508.0}, "weighted avg": {"precision": 0.9076343650946002, "recall": 0.5730851252887862, "f1-score": 0.6848125174545308, "support": 22508.0}}, "classifier_params": {"learning_rate": 0.1, "n_estimators": 285, "colsample_bytree": 0.5, "max_depth": 6}, "vectorizer": "CountVectorizer", "vectorizer_params": {"ngram_range": [1, 1], "preprocessor": null, "max_df": 0.9}, "val_f1_macro_mean": 0.611192552755629, "val_f1_weighted_mean": 0.7037894698056046, "drop_in_f1_macro_mean": 0.1893855017940469, "drop_in_f1_weighed_mean": 0.018976952351073884}, {"report": {"0": {"precision": 0.9586950970377937, "recall": 0.7062835104881949, "f1-score": 0.8133564426149597, "support": 21262.0}, "1": {"precision": 0.0875219170075979, "recall": 0.48073836276083465, "f1-score": 0.1480840543881335, "support": 1246.0}, "accuracy": 0.6937977607961614, "macro avg": {"precision": 0.5231085070226957, "recall": 0.5935109366245148, "f1-score": 0.4807202485015466, "support": 22508.0}, "weighted avg": {"precision": 0.9104686094637034, "recall": 0.6937977607961614, "f1-score": 0.7765282306134214, "support": 22508.0}}, "classifier_params": {"learning_rate": 0.001, "n_estimators": 500, "colsample_bytree": 0.5, "max_depth": 12}, "vectorizer": "CountVectorizer", "vectorizer_params": {"ngram_range": [1, 3], "preprocessor": "SnowballStemmer", "max_df": 0.9}, "val_f1_macro_mean": 0.6110421841816412, "val_f1_weighted_mean": 0.7102747863403103, "drop_in_f1_macro_mean": 0.13032193568009465, "drop_in_f1_weighed_mean": -0.06625344427311108}, {"report": {"0": {"precision": 0.9594489027767914, "recall": 0.6354058884394694, "f1-score": 0.7645078233313527, "support": 21262.0}, "1": {"precision": 0.0800996796012816, "recall": 0.5417335473515249, "f1-score": 0.1395637341052414, "support": 1246.0}, "accuracy": 0.6302203660920561, "macro avg": {"precision": 0.5197742911890365, "recall": 0.5885697178954972, "f1-score": 0.45203577871829703, "support": 22508.0}, "weighted avg": {"precision": 0.9107698050303598, "recall": 0.6302203660920561, "f1-score": 0.7299121091330351, "support": 22508.0}}, "classifier_params": {"learning_rate": 0.1, "n_estimators": 139, "colsample_bytree": 0.5, "max_depth": 6}, "vectorizer": "CountVectorizer", "vectorizer_params": {"ngram_range": [1, 1], "preprocessor": "SnowballStemmer", "max_df": 0.9}, "val_f1_macro_mean": 0.6109254318240422, "val_f1_weighted_mean": 0.7031205309677709, "drop_in_f1_macro_mean": 0.1588896531057452, "drop_in_f1_weighed_mean": -0.02679157816526412}, {"report": {"0": {"precision": 0.9581439393939394, "recall": 0.7138086727495062, "f1-score": 0.8181230122365372, "support": 21262.0}, "1": {"precision": 0.08743251349730054, "recall": 0.4678972712680578, "f1-score": 0.14733383876674247, "support": 1246.0}, "accuracy": 0.7001954860494046, "macro avg": {"precision": 0.52278822644562, "recall": 0.5908529720087821, "f1-score": 0.4827284255016398, "support": 22508.0}, "weighted avg": {"precision": 0.9099430136489949, "recall": 0.7001954860494047, "f1-score": 0.7809894015139779, "support": 22508.0}}, "classifier_params": {"learning_rate": 0.001, "n_estimators": 500, "colsample_bytree": 0.5, "max_depth": 12}, "vectorizer": "CountVectorizer", "vectorizer_params": {"ngram_range": [1, 3], "preprocessor": "SnowballStemmer", "max_df": 0.5}, "val_f1_macro_mean": 0.6109002991505944, "val_f1_weighted_mean": 0.7098704510895849, "drop_in_f1_macro_mean": 0.1281718736489546, "drop_in_f1_weighed_mean": -0.07111895042439298}, {"report": {"0": {"precision": 0.9600835945663532, "recall": 0.6481986642836987, "f1-score": 0.7739001038829773, "support": 21262.0}, "1": {"precision": 0.08254630197473323, "recall": 0.5401284109149278, "f1-score": 0.14320672411958718, "support": 1246.0}, "accuracy": 0.6422161009418873, "macro avg": {"precision": 0.5213149482705433, "recall": 0.5941635375993133, "f1-score": 0.45855341400128224, "support": 22508.0}, "weighted avg": {"precision": 0.9115048018451358, "recall": 0.6422161009418873, "f1-score": 0.7389861199134916, "support": 22508.0}}, "classifier_params": {"learning_rate": 0.1, "n_estimators": 195, "colsample_bytree": 0.5, "max_depth": 6}, "vectorizer": "CountVectorizer", "vectorizer_params": {"ngram_range": [1, 3], "preprocessor": "SnowballStemmer", "max_df": 0.9}, "val_f1_macro_mean": 0.6108224487988628, "val_f1_weighted_mean": 0.7037334636346327, "drop_in_f1_macro_mean": 0.15226903479758058, "drop_in_f1_weighed_mean": -0.035252656278858874}, {"report": {"0": {"precision": 0.9609786526199058, "recall": 0.6521023422067538, "f1-score": 0.7769683384701597, "support": 21262.0}, "1": {"precision": 0.08452970297029704, "recall": 0.5481540930979133,