{"meta": {"name": "exp1_xgb_results.json", "description": ""}, "results": [{"report": {"0": {"precision": 0.06100130430420387, "recall": 0.48796147672552165, "f1-score": 0.10844555426736824, "support": 1246.0}, "1": {"precision": 0.9491268638864524, "recall": 0.5598250399774245, "f1-score": 0.7042570186078159, "support": 21262.0}, "accuracy": 0.5558468100231029, "macro avg": {"precision": 0.5050640840953281, "recall": 0.523893258351473, "f1-score": 0.40635128643759205, "support": 22508.0}, "weighted avg": {"precision": 0.8999619248763457, "recall": 0.5558468100231029, "f1-score": 0.671274031022593, "support": 22508.0}}, "classifier_params": {"learning_rate": 0.1, "n_estimators": 500, "colsample_bytree": 0.5, "max_depth": 12}, "vectorizer_params": {"ngram_range": [1, 1], "preprocessor": null, "max_df": 0.5}, "val_f1_macro_mean": 0.7264063528154514, "val_f1_weighted_mean": 0.8292718185260052}, {"report": {"0": {"precision": 0.06100130430420387, "recall": 0.48796147672552165, "f1-score": 0.10844555426736824, "support": 1246.0}, "1": {"precision": 0.9491268638864524, "recall": 0.5598250399774245, "f1-score": 0.7042570186078159, "support": 21262.0}, "accuracy": 0.5558468100231029, "macro avg": {"precision": 0.5050640840953281, "recall": 0.523893258351473, "f1-score": 0.40635128643759205, "support": 22508.0}, "weighted avg": {"precision": 0.8999619248763457, "recall": 0.5558468100231029, "f1-score": 0.671274031022593, "support": 22508.0}}, "classifier_params": {"learning_rate": 0.1, "n_estimators": 500, "colsample_bytree": 0.5, "max_depth": 12}, "vectorizer_params": {"ngram_range": [1, 1], "preprocessor": null, "max_df": 0.9}, "val_f1_macro_mean": 0.7263351087403892, "val_f1_weighted_mean": 0.829885716391466}, {"report": {"0": {"precision": 0.061652566925483834, "recall": 0.42696629213483145, "f1-score": 0.10774683544303798, "support": 1246.0}, "1": {"precision": 0.9485553714244542, "recall": 0.619179757313517, "f1-score": 0.7492672376995533, "support": 21262.0}, "accuracy": 0.6085391860671762, "macro avg": {"precision": 0.505103969174969, "recall": 0.5230730247241743, "f1-score": 0.42850703657129563, "support": 22508.0}, "weighted avg": {"precision": 0.8994581218062867, "recall": 0.6085391860671762, "f1-score": 0.7137538903914131, "support": 22508.0}}, "classifier_params": {"learning_rate": 0.1, "n_estimators": 500, "colsample_bytree": 0.5, "max_depth": 12}, "vectorizer_params": {"ngram_range": [1, 1], "preprocessor": 