{"meta": {"name": "catb_intra_dataset_results.json", "description": ""}, "results": [{"report": {"0": {"precision": 0.799509288468279, "recall": 0.7865517241379311, "f1-score": 0.7929775769163915, "support": 2900.0}, "1": {"precision": 0.4076555023923445, "recall": 0.42685370741482964, "f1-score": 0.4170337738619677, "support": 998.0}, "accuracy": 0.6944586967675731, "macro avg": {"precision": 0.6035823954303117, "recall": 0.6067027157763804, "f1-score": 0.6050056753891796, "support": 3898.0}, "weighted avg": {"precision": 0.6991834602220546, "recall": 0.6944586967675731, "f1-score": 0.6967251614601794, "support": 3898.0}}, "classifier_params": {"learning_rate": 0.1, "n_estimators": 1000, "rsm": 0.75, "depth": 6}, "vectorizer_params": {"ngram_range": [1, 3], "preprocessor": null, "max_df": 0.5}}, {"report": {"0": {"precision": 0.7935871743486974, "recall": 0.8193103448275862, "f1-score": 0.8062436375975568, "support": 2900.0}, "1": {"precision": 0.42035398230088494, "recall": 0.3807615230460922, "f1-score": 0.39957939011566773, "support": 998.0}, "accuracy": 0.70702924576706, "macro avg": {"precision": 0.6069705783247912, "recall": 0.6000359339368392, "f1-score": 0.6029115138566122, "support": 3898.0}, "weighted avg": {"precision": 0.6980287531933057, "recall": 0.70702924576706, "f1-score": 0.7021259056871091, "support": 3898.0}}, "classifier_params": {"learning_rate": 0.1, "n_estimators": 1000, "rsm": 0.75, "depth": 6}, "vectorizer_params": {"ngram_range": [1, 3], "preprocessor": "<function pp_SnowballStemmer at 0x000002255BB67D00>", "max_df": 0.5}}, {"report": {"0": {"precision": 0.8001395186606208, "recall": 0.7910344827586206, "f1-score": 0.7955609502340906, "support": 2900.0}, "1": {"precision": 0.4122211445198836, "recall": 0.4258517034068136, "f1-score": 0.41892557910300643, "support": 998.0}, "accuracy": 0.6975371985633658, "macro avg": {"precision": 0.6061803315902522, "recall": 0.6084430930827172, "f1-score": 0.6072432646685485, "support": 3898.0}, "weighted avg": {"precision": 0.7008212689447523, "recall": 0.6975371985633658, "f1-score": 0.6991314734796468, "support": 3898.0}}, "classifier_params": {"learning_rate": 0.1, "n_estimators": 1000, "rsm": 0.75, "depth": 6}, "vectorizer_params": {"ngram_range": [1, 1], "preprocessor": "<function pp_SnowballStemmer at 0x000002255BB67D00>", "max_df": 0.9}}, {"report": {"0": {"precision": 0.7975395430579965, "recall": 0.7824137931034483, "f1-score": 0.7899042645778939, "support": 2900.0}, "1": {"precision": 0.4007597340930674, "recall": 0.4228456913827655, "f1-score": 0.4115065821550463, "support": 998.0}, "accuracy": 0.6903540277065162, "macro avg": {"precision": 0.5991496385755319, "recall": 0.6026297422431068, "f1-score": 0.6007054233664701, "support": 3898.0}, "weighted avg": {"precision": 0.6959525114143333, "recall": 0.6903540277065162, "f1-score": 0.6930235854968262, "support": 3898.0}}, "classifier_params": {"learning_rate": 0.1, "n_estimators": 1000, "rsm": 1, "depth": 6}, "vectorizer_params": {"ngram_range": [1, 1], "preprocessor": null, "max_df": 0.9}}, {"report": {"0": {"precision": 0.8002778742618964, "recall": 0.7944827586206896, "f1-score": 0.7973697871604084, "support": 2900.0}, "1": {"precision": 0.4151128557409225, "recall": 0.42384769539078154, "f1-score": 0.4194348041646009, "support": 998.0}, "accuracy": 0.6995895330938943, "macro avg": {"precision": 0.6076953650014094, "recall": 0.6091652270057356, "f1-score": 0.6084022956625046, "support": 3898.0}, "weighted avg": {"precision": 0.7016645626959827, "recall": 0.6995895330938943, "f1-score": 0.7006075724272591, "support": 3898.0}}, "classifier_params": {"learning_rate": 0.1, "n_estimators": 1000, "rsm": 0.75, "depth": 6}, "vectorizer_params": {"ngram_range": [1, 3], "preprocessor": "<function pp_SnowballStemmer at 0x000002255BB67D00>", "max_df": 0.9}}, {"report": {"0": {"precision": 0.7983104540654699, "recall": 0.7820689655172414, "f1-score": 0.7901062532659815, "support": 2900.0}, "1": {"precision": 0.402081362346263, "recall": 0.4258517034068136, "f1-score": 0.41362530413625304, "support": 998.0}, "accuracy": 0.6908671113391482, "macro avg": {"precision": 0.6001959082058664, "recall": 0.6039603344620275, "f1-score": 0.6018657787011172, "support": 3898.0}, "weighted avg": {"precision": 0.6968644218602958, "recall": 0.6908671113391482, "f1-score": 0.6937163129808431, "support": 3898.0}}, "classifier_params": {"learning_rate": 0.1, "n_estimators": 1000, "rsm": 0.75, "depth": 6}, "vectorizer_params": {"ngram_range": [1, 1], "preprocessor": null, "max_df": 0.5}}, {"report": {"0": {"precision": 0.8047994269340975, "recall": 0.7748275862068965, "f1-score": 0.7895291637385805, "support": 2900.0}, "1": {"precision": 0.40958408679927666, "recall": 0.45390781563126253, "f1-score": 0.4306083650190114, "support": 998.0}, "accuracy": 0.6926629040533607, "macro avg": {"precision": 0.607191756866687, "recall": 0.6143677009190796, "f1-score": 0.610068764378796, "support": 3898.0}, "weighted avg": {"precision": 0.7036129442623296, "recall": 0.6926629040533607, "f1-score": 0.6976351265086856, "support": 3898.0}}, "classifier_params": {"learning_rate": 0.1, "n_estimators": 1000, "rsm": 1, "depth": 6}, "vectorizer_params": {"ngram_range": [1, 1], "preprocessor": "<function pp_SnowballStemmer at 0x000002255BB67D00>", "max_df": 0.9}}, {"report": {"0": {"precision": 0.8026695526695526, "recall": 0.7672413793103449, "f1-score": 0.7845557122708039, "support": 2900.0}, "1": {"precision": 0.4005328596802842, "recall": 0.45190380761523047, "f1-score": 0.4246704331450094, "support": 998.0}, "accuracy": 0.6865059004617753, "macro avg": {"precision": 0.6016012061749184, "recall": 0.6095725934627877, "f1-score": 0.6046130727079067, "support": 3898.0}, "weighted avg": {"precision": 0.6997110047980056, "recall": 0.6865059004617753, "f1-score": 0.6924147403448052, "support": 3898.0}}, "classifier_params": {"learning_rate": 0.1, "n_estimators": 1000, "rsm": 1, "depth": 6}, "vectorizer_params": {"ngram_range": [1, 1], "preprocessor": "<function pp_SnowballStemmer at 0x000002255BB67D00>", "max_df": 0.5}}, {"report": {"0": {"precision": 0.7986647926914968, "recall": 0.7837931034482759, "f1-score": 0.7911590671771668, "support": 2900.0}, "1": {"precision": 0.40399239543726234, "recall": 0.4258517034068136, "f1-score": 0.4146341463414634, "support": 998.0}, "accuracy": 0.6921498204207286, "macro avg": {"precision": 0.6013285940643796, "recall": 0.6048224034275448, "f1-score": 0.6028966067593151, "support": 3898.0}, "weighted avg": {"precision": 0.697617318997365, "recall": 0.6921498204207286, "f1-score": 0.694757868871874, "support": 3898.0}}, "classifier_params": {"learning_rate": 0.1, "n_estimators": 1000, "rsm": 1, "depth": 10}, "vectorizer_params": {"ngram_range": [1, 3], "preprocessor": null, "max_df": 0.5}}, {"report": {"0": {"precision": 0.7996515679442509, "recall": 0.7913793103448276, "f1-score": 0.7954939341421143, "support": 2900.0}, "1": {"precision": 0.41147859922178986, "recall": 0.42384769539078154, "f1-score": 0.4175715695952616, "support": 998.0}, "accuracy": 0.6972806567470498, "macro avg": {"precision": 0.6055650835830204, "recall": 0.6076135028678046, "f1-score": 0.6065327518686879, "support": 3898.0}, "weighted avg": {"precision": 0.7002681347002755, "recall": 0.6972806567470498, "f1-score": 0.6987349500944594, "support": 3898.0}}, "classifier_params": {"learning_rate": 0.1, "n_estimators": 1000, "rsm": 1, "depth": 10}, "vectorizer_params": {"ngram_range": [1, 3], "preprocessor": null, "max_df": 0.9}}]}