{"meta": {"name": "exp1_catb_results.json", "description": ""}, "results": [{"report": {"0": {"precision": 0.1979533864950888, "recall": 0.9070095656264702, "f1-score": 0.3249803348690864, "support": 6377.0}, "1": {"precision": 0.9589789706696181, "recall": 0.37168212772802833, "f1-score": 0.5357267071144259, "support": 37298.0}, "accuracy": 0.44984544934172865, "macro avg": {"precision": 0.5784661785823535, "recall": 0.6393458466772493, "f1-score": 0.43035352099175617, "support": 43675.0}, "weighted avg": {"precision": 0.8478613942464706, "recall": 0.44984544934172865, "f1-score": 0.5049555653672357, "support": 43675.0}}, "classifier_params": {"learning_rate": 0.1, "n_estimators": 1000, "rsm": 0.75, "depth": 6}, "vectorizer_params": {"ngram_range": [1, 3], "preprocessor": null, "max_df": 0.5}, "val_f1_macro_mean": 0.6157078296020858, "val_f1_weighted_mean": 0.7088587481491223, "drop_in_f1_macro_mean": 0.18535430861032964, "drop_in_f1_weighed_mean": 0.20390318278188657}, {"report": {"0": {"precision": 0.2045534028117787, "recall": 0.9172024462913596, "f1-score": 0.33450573332189526, "support": 6377.0}, "1": {"precision": 0.9649890590809628, "recall": 0.3901817791838704, "f1-score": 0.5556807117356193, "support": 37298.0}, "accuracy": 0.4671322266742988, "macro avg": {"precision": 0.5847712309463707, "recall": 0.653692112737615, "f1-score": 0.44509322252875727, "support": 43675.0}, "weighted avg": {"precision": 0.8539576182102453, "recall": 0.4671322266742988, "f1-score": 0.5233868860379818, "support": 43675.0}}, "classifier_params": {"learning_rate": 0.1, "n_estimators": 1000, "rsm": 0.75, "depth": 6}, "vectorizer_params": {"ngram_range": [1, 3], "preprocessor": "<function pp_SnowballStemmer at 0x000002250288D240>", "max_df": 0.5}, "val_f1_macro_mean": 0.6138506092513133, "val_f1_weighted_mean": 0.7059076631859527, "drop_in_f1_macro_mean": 0.16875738672255602, "drop_in_f1_weighed_mean": 0.18252077714797088}, {"report": {"0": {"precision": 0.2062332079527136, "recall": 0.9027755998118238, "f1-score": 0.3357634433687157, "support": 6377.0}, "1": {"precision": 0.9606598984771574, "recall": 0.40591988846586946, "f1-score": 0.570696219231784, "support": 37298.0}, "accuracy": 0.47846594161419576, "macro avg": {"precision": 0.5834465532149355, "recall": 0.6543477441388466, "f1-score": 0.45322983130024985, "support": 43675.0}, "weighted avg": {"precision": 0.8505058285178126, "recall": 0.47846594161419576, "f1-score": 0.5363936133547655, "support": 43675.0}}, "classifier_params": {"learning_rate": 0.1, "n_estimators": 1000, "rsm": 0.75, "depth": 6}, "vectorizer_params": {"ngram_range": [1, 1], "preprocessor": "<function pp_SnowballStemmer at 0x000002250288D240>", "max_df": 0.9}, "val_f1_macro_mean": 0.6134782558500212, "val_f1_weighted_mean": 0.7040333411832126, "drop_in_f1_macro_mean": 0.1602484245497714, "drop_in_f1_weighed_mean": 0.16763972782844705}, {"report": {"0": {"precision": 0.20618556701030927, "recall": 0.890700956562647, "f1-score": 0.3348563006632277, "support": 6377.0}, "1": {"precision": 0.9567805543498481, "recall": 0.41369510429513645, "f1-score": 0.5776321946654188, "support": 37298.0}, "accuracy": 0.48334287349742416, "macro avg": {"precision": 0.5814830606800787, "recall": 0.6521980304288917, "f1-score": 0.45624424766432325, "support": 43675.0}, "weighted avg": {"precision": 0.847185952534983, "recall": 0.48334287349742416, "f1-score": 0.5421844127294836, "support": 43675.0}}, "classifier_params": {"learning_rate": 0.1, "n_estimators": 1000, "rsm": 1, "depth": 6}, "vectorizer_params": {"ngram_range": [1, 1], "preprocessor": null, "max_df": 0.9}, "val_f1_macro_mean": 0.613365930776188, "val_f1_weighted_mean": 0.7049862102167682, "drop_in_f1_macro_mean": 0.1571216831118647, "drop_in_f1_weighed_mean": 0.16280179748728463}, {"report": {"0": {"precision": 0.20145849173982167, "recall": 0.9140661753175474, "f1-score": 0.330152077256379, "support": 6377.0}, "1": {"precision": 0.9628247744386406, "recall": 0.38052978711995283, "f1-score": 0.5454755087530506, "support": 37298.0}, "accuracy": 0.4584315970234688, "macro avg": {"precision": 0.5821416330892311, "recall": 0.6472979812187502, "f1-score": 0.4378137930047148, "support": 43675.0}, "weighted avg": {"precision": 0.8516574525206013, "recall": 0.4584315970234688, "f1-score": 0.514036069195998, "support": 43675.0}}, "classifier_params": {"learning_rate": 0.1, "n_estimators": 1000, "rsm": 0.75, "depth": 6}, "vectorizer_params": {"ngram_range": [1, 3], "preprocessor": "<function pp_SnowballStemmer at 0x000002250288D240>", "max_df": 0.9}, "val_f1_macro_mean": 0.6132985368567968, "val_f1_weighted_mean": 0.7053490766796174, "drop_in_f1_macro_mean": 0.17548474385208201, "drop_in_f1_weighed_mean": 0.19131300748361946}, {"report": {"0": {"precision": 0.20476827900582467, "recall": 0.8875646855888348, "f1-score": 0.33276500676112647, "support": 6377.0}, "1": {"precision": 0.9552825246351503, "recall": 0.410665451230629, "f1-score": 0.5744018600465012, "support": 37298.0}, "accuracy": 0.4802976531196337, "macro avg": {"precision": 0.5800254018204875, "recall": 0.6491150684097319, "f1-score": 0.4535834334038138, "support": 43675.0}, "weighted avg": {"precision": 0.8456997119418885, "recall": 0.4802976531196337, "f1-score": 0.5391203897911873, "support": 43675.0}}, "classifier_params": {"learning_rate": 0.1, "n_estimators": 1000, "rsm": 0.75, "depth": 6}, "vectorizer_params": {"ngram_range": [1, 1], "preprocessor": null, "max_df": 0.5}, "val_f1_macro_mean": 0.6131691525789034, "val_f1_weighted_mean": 0.7059733191297607, "drop_in_f1_macro_mean": 0.15958571917508957, "drop_in_f1_weighed_mean": 0.16685292933857343}, {"report": {"0": {"precision": 0.20247051824894147, "recall": 0.9073231927238513, "f1-score": 0.33106368369857525, "support": 6377.0}, "1": {"precision": 0.960855742482448, "recall": 0.3889484690868143, "f1-score": 0.553744560653485, "support": 37298.0}, "accuracy": 0.4646365197481397, "macro avg": {"precision": 0.5816631303656947, "recall": 0.6481358309053328, "f1-score": 0.4424041221760301, "support": 43675.0}, "weighted avg": {"precision": 0.8501236858153143, "recall": 0.4646365197481397, "f1-score": 0.5212308582529935, "support": 43675.0}}, "classifier_params": {"learning_rate": 0.1, "n_estimators": 1000, "rsm": 1, "depth": 6}, "vectorizer_params": {"ngram_range": [1, 1], "preprocessor": "<function pp_SnowballStemmer at 0x000002250288D240>", "max_df": 0.9}, "val_f1_macro_mean": 0.6125449564205678, "val_f1_weighted_mean": 0.7032424305059526, "drop_in_f1_macro_mean": 0.17014083424453774, "drop_in_f1_weighed_mean": 0.18201157225295905}, {"report": {"0": {"precision": 0.20942634765061977, "recall": 0.9114003449898072, "f1-score": 0.34059011397931377, "support": 6377.0}, "1": {"precision": 0.9645167367958299, "recall": 0.4117647058823529, "f1-score": 0.577140602393792, "support": 37298.0}, "accuracy": 0.4847166571265026, "macro avg": {"precision": 0.5869715422232249, "recall": 0.6615825254360801, "f1-score": 0.45886535818655283, "support": 43675.0}, "weighted avg": {"precision": 0.854265759999516, "recall": 0.4847166571265026, "f1-score": 0.542601793816365, "support": 43675.0}}, "classifier_params": {"learning_rate": 0.1, "n_estimators": 1000, "rsm": 1, "depth": 6}, "vectorizer_params": {"ngram_range": [1, 1], "preprocessor": "<function pp_SnowballStemmer at 0x000002250288D240>", "max_df": 0.5}, "val_f1_macro_mean": 0.6124230544172496, "val_f1_weighted_mean": 0.70127073887784, "drop_in_f1_macro_mean": 0.15355769623069682, "drop_in_f1_weighed_mean": 0.158668945061475}]}